iso_code,continent,location,population,population_density,median_age,aged_65_older,aged_70_older,gdp_per_capita,extreme_poverty,cvd_death_rate,diabetes_prevalence,female_smokers,male_smokers,handwashing_facilities,hospital_beds_per_thousand,life_expectancy,alias,lowstart,lowend
ABW,North America,Aruba,106766,584.8,41.2,13.085,7.452,35973.781,NA,NA,11.62,NA,NA,NA,NA,76.29,Aruba,6,8
AFG,Asia,Afghanistan,38928341,54.422,18.6,2.581,1.337,1803.987,NA,597.029,9.59,NA,NA,37.746,0.5,64.83,Afghanistan,7,9
AGO,Africa,Angola,32866268,23.89,16.8,2.405,1.362,5819.495,NA,276.045,3.94,NA,NA,26.664,NA,61.15,Angola,7,9
AIA,North America,Anguilla,15002,NA,NA,NA,NA,NA,NA,NA,NA,NA,NA,NA,NA,81.88,Anguilla,6,8
ALB,Europe,Albania,2877800,104.871,38,13.188,8.643,11803.431,1.1,304.195,10.08,7.1,51.2,NA,2.89,78.57,Albania,6,8
AND,Europe,Andorra,77265,163.755,NA,NA,NA,NA,NA,109.135,7.97,29,37.8,NA,NA,83.73,Andorra,6,8
ARE,Asia,United Arab Emirates,9890400,112.442,34,1.144,0.526,67293.483,NA,317.84,17.26,1.2,37.4,NA,1.2,77.97,UAE,7,9
ARG,South America,Argentina,45195777,16.177,31.9,11.198,7.441,18933.907,0.6,191.032,5.5,16.2,27.7,NA,5,76.67,Argentina,7,9
ARM,Asia,Armenia,2963234,102.931,35.7,11.232,7.571,8787.58,1.8,341.01,7.11,1.5,52.1,94.043,4.2,75.09,Armenia,7,9
ATG,North America,Antigua and Barbuda,97928,231.845,32.1,6.933,4.631,21490.943,NA,191.511,13.17,NA,NA,NA,3.8,77.02,Antigua+Barbuda,6,8
AUS,Oceania,Australia,25499881,3.202,37.9,15.504,10.129,44648.71,0.5,107.791,5.07,13,16.5,NA,3.84,83.44,Australia,12,2
AUT,Europe,Austria,9006400,106.749,44.4,19.202,13.748,45436.686,0.7,145.183,6.35,28.4,30.9,NA,7.37,81.54,Austria,6,8
AZE,Asia,Azerbaijan,10139175,119.309,32.4,6.018,3.871,15847.419,NA,559.812,7.11,0.3,42.5,83.241,4.7,73,Azerbaijan,7,9
BDI,Africa,Burundi,11890781,423.062,17.5,2.562,1.504,702.225,71.7,293.068,6.05,NA,NA,6.144,0.8,61.58,Burundi,7,9
BEL,Europe,Belgium,11589616,375.564,41.8,18.571,12.849,42658.576,0.2,114.898,4.29,25.1,31.4,NA,5.64,81.63,Belgium,6,8
BEN,Africa,Benin,12123198,99.11,18.8,3.244,1.942,2064.236,49.6,235.848,0.99,0.6,12.3,11.035,0.5,61.77,Benin,7,9
BES,North America,Bonaire Sint Eustatius and Saba,26221,NA,NA,NA,NA,NA,NA,NA,NA,NA,NA,NA,NA,77.79,Bonaire St Eustatius+Saba,6,8
BFA,Africa,Burkina Faso,20903278,70.151,17.6,2.409,1.358,1703.102,43.7,269.048,2.42,1.6,23.9,11.877,0.4,61.58,Burkina Faso,10,12
BGD,Asia,Bangladesh,164689383,1265.036,27.5,5.098,3.262,3523.984,14.8,298.003,8.38,1,44.7,34.808,0.8,72.59,Bangladesh,7,9
BGR,Europe,Bulgaria,6948445,65.18,44.7,20.801,13.272,18563.307,1.5,424.688,5.81,30.1,44.4,NA,7.454,75.05,Bulgaria,6,8
BHR,Asia,Bahrain,1701583,1935.907,32.4,2.372,1.387,43290.705,NA,151.689,16.52,5.8,37.6,NA,2,77.29,Bahrain,7,9
BHS,North America,Bahamas,393248,39.497,34.3,8.996,5.2,27717.847,NA,235.954,13.17,3.1,20.4,NA,2.9,73.92,Bahamas,6,8
BIH,Europe,Bosnia and Herzegovina,3280815,68.496,42.5,16.569,10.711,11713.895,0.2,329.635,10.08,30.2,47.7,97.164,3.5,77.4,Bosnia+Herzegovina,6,8
BLR,Europe,Belarus,9449321,46.858,40.3,14.799,9.788,17167.967,NA,443.129,5.18,10.5,46.1,NA,11,74.79,Belarus,6,8
BLZ,North America,Belize,397621,16.426,25,3.853,2.279,7824.362,NA,176.957,17.11,NA,NA,90.083,1.3,74.62,Belize,6,8
BMU,North America,Bermuda,62273,1308.82,NA,NA,NA,50669.315,NA,139.547,13,NA,NA,NA,NA,82.59,Bermuda,6,8
BOL,South America,Bolivia,11673029,10.202,25.4,6.704,4.393,6885.829,7.1,204.299,6.89,NA,NA,25.383,1.1,71.51,Bolivia,7,9
BRA,South America,Brazil,212559409,25.04,33.5,8.552,5.06,14103.452,3.4,177.961,8.11,10.1,17.9,NA,2.2,75.88,Brazil,7,9
BRB,North America,Barbados,287371,664.463,39.8,14.952,9.473,16978.068,NA,170.05,13.57,1.9,14.5,88.469,5.8,79.19,Barbados,6,8
BRN,Asia,Brunei,437483,81.347,32.4,4.591,2.382,71809.251,NA,201.285,12.79,2,30.9,NA,2.7,75.86,Brunei,7,9
BTN,Asia,Bhutan,771612,21.188,28.6,4.885,2.977,8708.597,1.5,217.066,9.75,NA,NA,79.807,1.7,71.78,Bhutan,7,9
BWA,Africa,Botswana,2351625,4.044,25.8,3.941,2.242,15807.374,NA,237.372,4.81,5.7,34.4,NA,1.8,69.59,Botswana,7,9
CAF,Africa,Central African Republic,4829764,7.479,18.3,3.655,2.251,661.24,NA,435.727,6.1,NA,NA,16.603,1,53.28,CAR,1,3
CAN,North America,Canada,37742157,4.037,41.4,16.984,10.797,44017.591,0.5,105.599,7.37,12,16.6,NA,2.5,82.43,Canada,6,8
CHE,Europe,Switzerland,8654618,214.243,43.1,18.436,12.644,57410.166,NA,99.739,5.59,22.6,28.9,NA,4.53,83.78,Switzerland,6,8
CHL,South America,Chile,19116209,24.282,35.4,11.087,6.938,22767.037,1.3,127.993,8.46,34.2,41.5,NA,2.11,80.18,Chile,7,9
CHN,Asia,China,1439323774,147.674,38.7,10.641,5.929,15308.712,0.7,261.899,9.74,1.9,48.4,NA,4.34,76.91,China,7,9
CIV,Africa,Cote d'Ivoire,26378275,76.399,18.7,2.933,1.582,3601.006,28.2,303.74,2.42,NA,NA,19.351,NA,57.78,Cote d'Ivoire,7,9
CMR,Africa,Cameroon,26545864,50.885,18.8,3.165,1.919,3364.926,23.8,244.661,7.2,NA,NA,2.735,1.3,59.29,Cameroon,10,12
COD,Africa,Democratic Republic of Congo,89561404,35.879,17,3.02,1.745,808.133,77.1,318.949,6.1,NA,NA,4.472,NA,60.68,DRC,4,6
COG,Africa,Congo,5518092,15.405,19,3.402,2.063,4881.406,37,344.094,7.2,1.7,52.3,47.964,NA,64.57,Congo,4,6
COL,South America,Colombia,50882884,44.223,32.2,7.646,4.312,13254.949,4.5,124.24,7.44,4.7,13.5,65.386,1.71,77.29,Colombia,7,9
COM,Africa,Comoros,869595,437.352,20.4,2.963,1.726,1413.89,18.1,261.516,11.88,4.4,23.6,15.574,2.2,64.32,Comoros,7,9
CPV,Africa,Cape Verde,555988,135.58,25.7,4.46,3.437,6222.554,NA,182.219,2.42,2.1,16.5,NA,2.1,72.98,Cape Verde,7,9
CRI,North America,Costa Rica,5094114,96.079,33.6,9.468,5.694,15524.995,1.3,137.973,8.78,6.4,17.4,83.841,1.13,80.28,Costa Rica,6,8
CUB,North America,Cuba,11326616,110.408,43.1,14.738,9.719,NA,NA,190.968,8.27,17.1,53.3,85.198,5.2,78.8,Cuba,7,9
CUW,North America,Curacao,164100,362.644,41.7,16.367,10.068,NA,NA,NA,11.62,NA,NA,NA,NA,78.88,Curacao,6,8
CYM,North America,Cayman Islands,65720,256.496,NA,NA,NA,49903.029,NA,NA,13.22,NA,NA,NA,NA,83.92,Cayman Isl.,6,8
CYP,Europe,Cyprus,875899,127.657,37.3,13.416,8.563,32415.132,NA,141.171,9.24,19.6,52.7,NA,3.4,80.98,Cyprus,6,8
CZE,Europe,Czech Republic,10708982,137.176,43.3,19.027,11.58,32605.906,NA,227.485,6.82,30.5,38.3,NA,6.63,79.38,Czech Republic,6,8
DEU,Europe,Germany,83783945,237.016,46.6,21.453,15.957,45229.245,NA,156.139,8.31,28.2,33.1,NA,8,81.33,Germany,6,8
DJI,Africa,Djibouti,988002,41.285,25.4,4.213,2.38,2705.406,22.5,258.037,6.05,1.7,24.5,NA,1.4,67.11,Djibouti,7,9
DMA,North America,Dominica,71991,98.567,NA,NA,NA,9673.367,NA,227.376,11.62,NA,NA,NA,3.8,75,Dominica,7,9
DNK,Europe,Denmark,5792203,136.52,42.3,19.677,12.325,46682.515,0.2,114.767,6.41,19.3,18.8,NA,2.5,80.9,Denmark,6,8
DOM,North America,Dominican Republic,10847904,222.873,27.6,6.981,4.419,14600.861,1.6,266.653,8.2,8.5,19.1,55.182,1.6,74.08,Dominican Rep.,7,9
DZA,Africa,Algeria,43851043,17.348,29.1,6.211,3.857,13913.839,0.5,278.364,6.73,0.7,30.4,83.741,1.9,76.88,Algeria,7,9
ECU,South America,Ecuador,17643060,66.939,28.1,7.104,4.458,10581.936,3.6,140.448,5.55,2,12.3,80.635,1.5,77.01,Ecuador,7,9
EGY,Africa,Egypt,102334403,97.999,25.3,5.159,2.891,10550.206,1.3,525.432,17.31,0.2,50.1,89.827,1.6,71.99,Egypt,7,9
ERI,Africa,Eritrea,3546427,44.304,19.3,3.607,2.171,1510.459,NA,311.11,6.05,0.2,11.4,NA,0.7,66.32,Eritrea,7,9
ESH,Africa,Western Sahara,597330,NA,28.4,NA,1.38,NA,NA,NA,NA,NA,NA,NA,NA,70.26,W. Sahara,7,9
ESP,Europe,Spain,46754783,93.105,45.5,19.436,13.799,34272.36,1,99.403,7.17,27.4,31.4,NA,2.97,83.56,Spain,6,8
EST,Europe,Estonia,1326539,31.033,42.7,19.452,13.491,29481.252,0.5,255.569,4.02,24.5,39.3,NA,4.69,78.74,Estonia,6,8
ETH,Africa,Ethiopia,114963583,104.957,19.8,3.526,2.063,1729.927,26.7,182.634,7.47,0.4,8.5,7.96,0.3,66.6,Ethiopia,7,9
FIN,Europe,Finland,5540718,18.136,42.8,21.228,13.264,40585.721,NA,153.507,5.76,18.3,22.6,NA,3.28,81.91,Finland,6,8
FJI,Oceania,Fiji,896444,49.562,28.6,6.224,3.284,8702.975,1.4,412.82,14.49,10.2,34.8,NA,2.3,67.44,Fiji,7,9
FLK,South America,Falkland Islands,3483,NA,NA,NA,NA,NA,NA,NA,NA,NA,NA,NA,NA,81.44,Falkland Isl.,7,9
FRA,Europe,France,65273512,122.578,42,19.718,13.079,38605.671,NA,86.06,4.77,30.1,35.6,NA,5.98,82.66,France,6,8
FRO,Europe,Faeroe Islands,48865,35.308,NA,NA,NA,NA,NA,NA,NA,NA,NA,NA,NA,80.67,Faeroe Isl.,6,8
GAB,Africa,Gabon,2225728,7.859,23.1,4.45,2.976,16562.413,3.4,259.967,7.2,NA,NA,NA,6.3,66.47,Gabon,7,9
GBR,Europe,United Kingdom,67886004,272.898,40.8,18.517,12.527,39753.244,0.2,122.137,4.28,20,24.7,NA,2.54,81.32,United Kingdom,6,8
GBR_SCO,Europe,Scotland,5463300,69.76236385,40.8,18.517,12.527,39753.244,0.2,122.137,4.28,20,24.7,NA,2.54,81.32,Scotland,6,8
GBRTENW,Europe,England Wales,59439840,393.2532799,40.8,18.517,12.527,39753.244,0.2,122.137,4.28,20,24.7,NA,2.54,81.32,England+Wales,6,8
GEO,Asia,Georgia,3989175,65.032,38.7,14.864,10.244,9745.079,4.2,496.218,7.11,5.3,55.5,NA,2.6,73.77,Georgia,7,9
GGY,Europe,Guernsey,67052,NA,NA,NA,NA,NA,NA,NA,NA,NA,NA,NA,NA,NA,Guernsey,6,8
GHA,Africa,Ghana,31072945,126.719,21.1,3.385,1.948,4227.63,12,298.245,4.97,0.3,7.7,41.047,0.9,64.07,Ghana,7,9
GIB,Europe,Gibraltar,33691,3457.1,NA,NA,NA,NA,NA,NA,NA,NA,NA,NA,NA,79.93,Gibraltar,6,8
GIN,Africa,Guinea,13132792,51.755,19,3.135,1.733,1998.926,35.3,336.717,2.42,NA,NA,17.45,0.3,61.6,Guinea,7,9
GMB,Africa,Gambia,2416664,207.566,17.5,2.339,1.417,1561.767,10.1,331.43,1.91,0.7,31.2,7.876,1.1,62.05,Gambia,7,9
GNB,Africa,Guinea-Bissau,1967998,66.191,19.4,3.002,1.565,1548.675,67.1,382.474,2.42,NA,NA,6.403,NA,58.32,Guinea-Bissau,7,9
GNQ,Africa,Equatorial Guinea,1402985,45.194,22.4,2.846,1.752,22604.873,NA,202.812,7.78,NA,NA,24.64,2.1,58.74,Equatorial Guinea,7,9
GRC,Europe,Greece,10423056,83.479,45.3,20.396,14.524,24574.382,1.5,175.695,4.55,35.3,52,NA,4.21,82.24,Greece,6,8
GRD,North America,Grenada,112519,317.132,29.4,7.304,5.021,13593.877,NA,243.964,10.71,NA,NA,NA,3.7,72.4,Grenada,7,9
GRL,North America,Greenland,56772,0.137,NA,NA,NA,NA,NA,199.941,2.16,NA,NA,NA,NA,71.7,Greenland,6,8
GTM,North America,Guatemala,17915567,157.834,22.9,4.694,3.016,7423.808,8.7,155.898,10.18,NA,NA,76.665,0.6,74.3,Guatemala,7,9
GUM,Oceania,Guam,168783,304.128,31.4,9.551,5.493,NA,NA,310.496,21.52,NA,NA,NA,NA,80.07,Guam,7,9
GUY,South America,Guyana,786559,3.952,26.3,5.305,2.837,7435.047,NA,373.159,11.62,NA,NA,77.159,1.6,69.91,Guyana,7,9
HKG,Asia,Hong Kong,7496988,7039.714,44.8,16.303,10.158,56054.92,NA,NA,8.33,NA,NA,NA,NA,84.86,Hong Kong,7,9
HND,North America,Honduras,9904608,82.805,24.9,4.652,2.883,4541.795,16,240.208,7.21,2,NA,84.169,0.7,75.27,Honduras,1,3
HRV,Europe,Croatia,4105268,73.726,44,19.724,13.053,22669.797,0.7,253.782,5.59,34.3,39.9,NA,5.54,78.49,Croatia,7,9
HTI,North America,Haiti,11402533,398.448,24.3,4.8,2.954,1653.173,23.5,430.548,6.65,2.9,23.1,22.863,0.7,64,Haiti,7,9
HUN,Europe,Hungary,9660350,108.043,43.4,18.577,11.976,26777.561,0.5,278.296,7.55,26.8,34.8,NA,7.02,76.88,Hungary,6,8
IDN,Asia,Indonesia,273523621,145.725,29.3,5.319,3.053,11188.744,5.7,342.864,6.32,2.8,76.1,64.204,1.04,71.72,Indonesia,7,9
IMN,Europe,Isle of Man,85032,147.872,NA,NA,NA,NA,NA,NA,NA,NA,NA,NA,NA,81.4,Isle of Man,6,8
IND,Asia,India,1380004385,450.419,28.2,5.989,3.414,6426.674,21.2,282.28,10.39,1.9,20.6,59.55,0.53,69.66,India,7,9
IRL,Europe,Ireland,4937796,69.874,38.7,13.928,8.678,67335.293,0.2,126.459,3.28,23,25.7,NA,2.96,82.3,Ireland,6,8
IRN,Asia,Iran,83992953,49.831,32.4,5.44,3.182,19082.62,0.2,270.308,9.59,0.8,21.1,NA,1.5,76.68,Iran,7,9
IRQ,Asia,Iraq,40222503,88.125,20,3.186,1.957,15663.986,2.5,218.612,8.83,NA,NA,94.576,1.4,70.6,Iraq,7,9
ISL,Europe,Iceland,341250,3.404,37.3,14.431,9.207,46482.958,0.2,117.992,5.31,14.3,15.2,NA,2.91,82.99,Iceland,7,9
ISR,Asia,Israel,8655541,402.606,30.6,11.733,7.359,33132.32,0.5,93.32,6.74,15.4,35.4,NA,2.99,82.97,Israel,7,9
ITA,Europe,Italy,60461828,205.859,47.9,23.021,16.24,35220.084,2,113.151,4.78,19.8,27.8,NA,3.18,83.51,Italy,6,8
JAM,North America,Jamaica,2961161,266.879,31.4,9.684,6.39,8193.571,NA,206.537,11.28,5.3,28.6,66.425,1.7,74.47,Jamaica,7,9
JEY,Europe,Jersey,101073,NA,NA,NA,NA,NA,NA,NA,NA,NA,NA,NA,NA,NA,Jersey,6,8
JOR,Asia,Jordan,10203140,109.285,23.2,3.81,2.361,8337.49,0.1,208.257,11.75,NA,NA,NA,1.4,74.53,Jordan,7,9
JPN,Asia,Japan,126476458,347.778,48.2,27.049,18.493,39002.223,NA,79.37,5.72,11.2,33.7,NA,13.05,84.63,Japan,7,9
KAZ,Asia,Kazakhstan,18776707,6.681,30.6,6.991,4.625,24055.588,0.1,466.792,7.11,7,43.1,98.999,6.7,73.6,Kazakhstan,7,9
KEN,Africa,Kenya,53771300,87.324,20,2.686,1.528,2993.028,36.8,218.637,2.92,1.2,20.4,24.651,1.4,66.7,Kenya,7,9
KGZ,Asia,Kyrgyzstan,6524191,32.333,26.3,4.489,2.882,3393.474,1.4,436.362,7.11,3.6,50.5,89.22,4.5,71.45,Kyrgyzstan,7,9
KHM,Asia,Cambodia,16718971,90.672,25.6,4.412,2.385,3645.07,NA,270.892,4,2,33.7,66.229,0.8,69.82,Cambodia,7,9
KNA,North America,Saint Kitts and Nevis,53192,212.865,NA,NA,NA,24654.385,NA,NA,12.84,NA,NA,NA,2.3,76.23,Saint Kitts+Nevis,7,9
KOR,Asia,South Korea,51269183,527.967,43.4,13.914,8.622,35938.374,0.2,85.998,6.8,6.2,40.9,NA,12.27,83.03,South Korea,7,9
KWT,Asia,Kuwait,4270563,232.128,33.7,2.345,1.114,65530.537,NA,132.235,15.84,2.7,37,NA,2,75.49,Kuwait,7,9
LAO,Asia,Laos,7275556,29.715,24.4,4.029,2.322,6397.36,22.7,368.111,4,7.3,51.2,49.839,1.5,67.92,Laos,7,9
LBN,Asia,Lebanon,6825442,594.561,31.1,8.514,5.43,13367.565,NA,266.591,12.71,26.9,40.7,NA,2.9,78.93,Lebanon,7,9
LBR,Africa,Liberia,5057677,49.127,19.2,3.057,1.756,752.788,38.6,272.509,2.42,1.5,18.1,1.188,0.8,64.1,Liberia,7,9
LBY,Africa,Libya,6871287,3.623,29,4.424,2.816,17881.509,NA,341.862,10.43,NA,NA,NA,3.7,72.91,Libya,7,9
LCA,North America,Saint Lucia,183629,293.187,34.9,9.721,6.405,12951.839,NA,204.62,11.62,NA,NA,87.202,1.3,76.2,Saint Lucia,7,9
LIE,Europe,Liechtenstein,38137,237.012,NA,NA,NA,NA,NA,NA,7.77,NA,NA,NA,2.397,82.49,Liechtenstein,6,8
LKA,Asia,Sri Lanka,21413250,341.955,34.1,10.069,5.331,11669.077,0.7,197.093,10.68,0.3,27,NA,3.6,76.98,Sri Lanka,7,9
LSO,Africa,Lesotho,2142252,73.562,22.2,4.506,2.647,2851.153,59.6,405.126,3.94,0.4,53.9,2.117,NA,54.33,Lesotho,7,9
LTU,Europe,Lithuania,2722291,45.135,43.5,19.002,13.778,29524.265,0.7,342.989,3.67,21.3,38,NA,6.56,75.93,Lithuania,6,8
LUX,Europe,Luxembourg,625976,231.447,39.7,14.312,9.842,94277.965,0.2,128.275,4.42,20.9,26,NA,4.51,82.25,Luxembourg,6,8
LVA,Europe,Latvia,1886202,31.212,43.9,19.754,14.136,25063.846,0.7,350.06,4.91,25.6,51,NA,5.57,75.29,Latvia,6,8
MAR,Africa,Morocco,36910558,80.08,29.6,6.769,4.209,7485.013,1,419.146,7.14,0.8,47.1,NA,1.1,76.68,Morocco,7,9
MCO,Europe,Monaco,39244,19347.5,NA,NA,NA,NA,NA,NA,5.46,NA,NA,NA,13.8,86.75,Monaco,6,8
MDA,Europe,Moldova,4033963,123.655,37.6,10.864,6.955,5189.972,0.2,408.502,5.72,5.9,44.6,86.979,5.8,71.9,Moldova,6,8
MDG,Africa,Madagascar,27691019,43.951,19.6,2.929,1.686,1416.44,77.6,405.994,3.94,NA,NA,50.54,0.2,67.04,Madagascar,7,9
MDV,Asia,Maldives,540542,1454.433,30.6,4.12,2.875,15183.616,NA,164.905,9.19,2.1,55,95.803,NA,78.92,Maldives,7,9
MEX,North America,Mexico,128932753,66.444,29.3,6.857,4.321,17336.469,2.5,152.783,13.06,6.9,21.4,87.847,1.38,75.05,Mexico,6,8
MKD,Europe,Macedonia,2083380,82.6,39.1,13.26,8.16,13111.214,5,322.688,10.08,NA,NA,NA,4.28,75.8,Macedonia,6,8
MLI,Africa,Mali,20250834,15.196,16.4,2.519,1.486,2014.306,NA,268.024,2.42,1.6,23,52.232,0.1,59.31,Mali,10,12
MLT,Europe,Malta,441539,1454.037,42.4,19.426,11.324,36513.323,0.2,168.711,8.83,20.9,30.2,NA,4.485,82.53,Malta,6,8
MMR,Asia,Myanmar,54409794,81.721,29.1,5.732,3.12,5591.597,6.4,202.104,4.61,6.3,35.2,79.287,0.9,67.13,Myanmar,7,9
MNE,Europe,Montenegro,628062,46.28,39.1,14.762,9.395,16409.288,1,387.305,10.08,44,47.9,NA,3.861,76.88,Montenegro,6,8
MNG,Asia,Mongolia,3278292,1.98,28.6,4.031,2.421,11840.846,0.5,460.043,4.82,5.5,46.5,71.18,7,69.87,Mongolia,7,9
MNP,Oceania,Northern Mariana Islands,57557,119.878,NA,NA,NA,NA,NA,194.994,NA,NA,NA,NA,NA,76.74,N. Mariana Isl.,7,9
MOZ,Africa,Mozambique,31255435,37.728,17.7,3.158,1.87,1136.103,62.9,329.942,3.3,5.1,29.1,12.227,0.7,60.85,Mozambique,7,9
MRT,Africa,Mauritania,4649660,4.289,20.3,3.138,1.792,3597.633,6,232.347,2.42,NA,NA,15.95,NA,64.92,Mauritania,7,9
MSR,North America,Montserrat,4999,NA,NA,NA,NA,NA,NA,NA,NA,NA,NA,NA,NA,74.16,Montserrat,7,9
MUS,Africa,Mauritius,1271767,622.962,37.4,10.945,5.884,20292.745,0.5,224.644,22.02,3.2,40.7,NA,3.4,74.99,Mauritius,7,9
MWI,Africa,Malawi,19129955,197.519,18.1,2.979,1.783,1095.042,71.4,227.349,3.94,4.4,24.7,8.704,1.3,64.26,Malawi,7,9
MYS,Asia,Malaysia,32365998,96.254,29.9,6.293,3.407,26808.164,0.1,260.942,16.74,1,42.4,NA,1.9,76.16,Malaysia,7,9
NAM,Africa,Namibia,2540916,3.078,22,3.552,2.085,9541.808,13.4,243.811,3.94,9.7,34.2,44.6,NA,63.71,Namibia,7,9
NCL,Oceania,New Caledonia,285491,15.342,33.4,9.954,6.489,NA,NA,NA,23.36,NA,NA,NA,NA,77.55,New Caledonia,7,9
NER,Africa,Niger,24206636,16.955,15.1,2.553,1.378,926,44.5,238.339,2.42,0.1,15.4,8.978,0.3,62.42,Niger,7,9
NGA,Africa,Nigeria,206139587,209.588,18.1,2.751,1.447,5338.454,NA,181.013,2.42,0.6,10.8,41.949,NA,54.69,Nigeria,10,12
NIC,North America,Nicaragua,6624554,51.667,27.3,5.445,3.519,5321.444,3.2,137.016,11.47,NA,NA,NA,0.9,74.48,Nicaragua,7,9
NLD,Europe,Netherlands,17134873,508.544,43.2,18.779,11.881,48472.545,NA,109.361,5.29,24.4,27.3,NA,3.32,82.28,Netherlands,6,8
NOR,Europe,Norway,5421242,14.462,39.7,16.821,10.813,64800.057,0.2,114.316,5.31,19.6,20.7,NA,3.6,82.4,Norway,6,8
NPL,Asia,Nepal,29136808,204.43,25,5.809,3.212,2442.804,15,260.797,7.26,9.5,37.8,47.782,0.3,70.78,Nepal,7,9
NZL,Oceania,New Zealand,4822233,18.206,37.9,15.322,9.72,36085.843,NA,128.797,8.08,14.8,17.2,NA,2.61,82.29,New Zealand,12,2
OMN,Asia,Oman,5106622,14.98,30.7,2.355,1.53,37960.709,NA,266.342,12.61,0.5,15.6,97.4,1.6,77.86,Oman,7,9
OWID_KOS,Europe,Kosovo,1932774,168.155,NA,NA,NA,9795.834,0.6,NA,NA,NA,NA,NA,NA,NA,Kosovo,6,8
OWID_WRL,,World,7794798729,58.045,30.9,8.696,5.355,15469.207,10,233.07,8.51,6.434,34.635,60.13,2.705,72.58,World,7,9
PAK,Asia,Pakistan,220892331,255.573,23.5,4.495,2.78,5034.708,4,423.031,8.35,2.8,36.7,59.607,0.6,67.27,Pakistan,7,9
PAN,North America,Panama,4314768,55.133,29.7,7.918,5.03,22267.037,2.2,128.346,8.33,2.4,9.9,NA,2.3,78.51,Panama,7,9
PER,South America,Peru,32971846,25.129,29.1,7.151,4.455,12236.706,3.5,85.755,5.95,4.8,NA,NA,1.6,76.74,Peru,7,9
PHL,Asia,Philippines,109581085,351.873,25.2,4.803,2.661,7599.188,NA,370.437,7.07,7.8,40.8,78.463,1,71.23,Philippines,7,9
PNG,Oceania,Papua New Guinea,8947027,18.22,22.6,3.808,2.142,3823.194,NA,561.494,17.65,23.5,48.8,NA,NA,64.5,PNG,7,9
POL,Europe,Poland,37846605,124.027,41.8,16.763,10.202,27216.445,NA,227.331,5.91,23.3,33.1,NA,6.62,78.73,Poland,6,8
PRI,North America,Puerto Rico,2860840,376.232,38.2,15.168,9.829,35044.67,NA,108.094,12.9,NA,NA,NA,NA,80.1,Puerto Rico,7,9
PRT,Europe,Portugal,10196707,112.371,46.2,21.502,14.924,27936.896,0.5,127.842,9.85,16.3,30,NA,3.39,82.05,Portugal,6,8
PRY,South America,Paraguay,7132530,17.144,26.5,6.378,3.833,8827.01,1.7,199.128,8.27,5,21.6,79.602,1.3,74.25,Paraguay,7,9
PSE,Asia,Palestine,5101416,778.202,20.4,3.043,1.726,4449.898,1,265.91,10.59,NA,NA,NA,NA,74.05,Palestine,7,9
PYF,Oceania,French Polynesia,280904,77.324,32.7,7.775,4.593,NA,NA,NA,22.63,NA,NA,NA,NA,77.66,Fr. Polynesia,7,9
QAT,Asia,Qatar,2881060,227.322,31.9,1.307,0.617,116935.6,NA,176.69,16.52,0.8,26.9,NA,1.2,80.23,Qatar,7,9
ROU,Europe,Romania,19237682,85.129,43,17.85,11.69,23313.199,5.7,370.946,9.74,22.9,37.1,NA,6.892,76.05,Romania,6,8
RUS,Europe,Russia,145934460,8.823,39.6,14.178,9.393,24765.954,0.1,431.297,6.18,23.4,58.3,NA,8.05,72.58,Russia,6,8
RWA,Africa,Rwanda,12952209,494.869,20.3,2.974,1.642,1854.211,56,191.375,4.28,4.7,21,4.617,NA,69.02,Rwanda,7,9
SAU,Asia,Saudi Arabia,34813867,15.322,31.9,3.295,1.845,49045.411,NA,259.538,17.72,1.8,25.4,NA,2.7,75.13,Saudi Arabia,7,9
SDN,Africa,Sudan,43849269,23.258,19.7,3.548,2.034,4466.507,NA,431.388,15.67,NA,NA,23.437,0.8,65.31,Sudan,7,9
SEN,Africa,Senegal,16743930,82.328,18.7,3.008,1.796,2470.58,38,241.219,2.42,0.4,16.6,20.859,NA,67.94,Senegal,10,12
SGP,Asia,Singapore,5850343,7915.731,42.4,12.922,7.049,85535.383,NA,92.243,10.99,5.2,28.3,NA,2.4,83.62,Singapore,7,9
SLE,Africa,Sierra Leone,7976985,104.7,19.1,2.538,1.285,1390.3,52.2,325.721,2.42,8.8,41.3,19.275,NA,54.7,Sierra Leone,7,9
SLV,North America,El Salvador,6486201,307.811,27.6,8.273,5.417,7292.458,2.2,167.295,8.87,2.5,18.8,90.65,1.3,73.32,El Salvador,7,9
SMR,Europe,San Marino,33938,556.667,NA,NA,NA,56861.47,NA,NA,5.64,NA,NA,NA,3.8,84.97,San Marino,6,8
SOM,Africa,Somalia,15893219,23.5,16.8,2.731,1.496,NA,NA,365.769,6.05,NA,NA,9.831,0.9,57.4,Somalia,7,9
SRB,Europe,Serbia,6804596,80.291,41.2,17.366,NA,14048.881,NA,439.415,10.08,37.7,40.2,97.719,5.609,76,Serbia,6,8
SSD,Africa,South Sudan,11193729,NA,19.2,3.441,2.032,1569.888,NA,280.775,10.43,NA,NA,NA,NA,57.85,South Sudan,7,9
STP,Africa,Sao Tome and Principe,219161,212.841,18.7,2.886,2.162,3052.714,32.3,270.113,2.42,NA,NA,41.34,2.9,70.39,Sao Tome+Principe,7,9
SUR,South America,Suriname,586634,3.612,29.6,6.933,4.229,13767.119,NA,258.314,12.54,7.4,42.9,67.779,3.1,71.68,Suriname,7,9
SVK,Europe,Slovakia,5459643,113.128,41.2,15.07,9.167,30155.152,0.7,287.959,7.29,23.1,37.7,NA,5.82,77.54,Slovakia,6,8
SVN,Europe,Slovenia,2078932,102.619,44.5,19.062,12.93,31400.84,NA,153.493,7.25,20.1,25,NA,4.5,81.32,Slovenia,6,8
SWE,Europe,Sweden,10099270,24.718,41,19.985,13.433,46949.283,0.5,133.982,4.79,18.8,18.9,NA,2.22,82.8,Sweden,6,8
SWZ,Africa,Swaziland,1160164,79.492,21.5,3.163,1.845,7738.975,NA,333.436,3.94,1.7,16.5,24.097,2.1,60.19,Swaziland,7,9
SXM,North America,Sint Maarten (Dutch part),42882,1209.088,NA,NA,NA,36327.232,NA,NA,NA,NA,NA,NA,NA,78.95,Sint Maarten(Dutch),7,9
SYC,Africa,Seychelles,98340,208.354,36.2,8.606,5.586,26382.287,1.1,242.648,10.55,7.1,35.7,NA,3.6,73.4,Seychelles,7,9
SYR,Asia,Syria,17500657,NA,21.7,NA,2.577,NA,NA,376.264,NA,NA,NA,70.598,1.5,72.7,Syria,7,9
TCA,North America,Turks and Caicos Islands,38718,37.312,NA,NA,NA,NA,NA,NA,NA,NA,NA,NA,NA,80.22,Turks+Caicos Isl.,7,9
TCD,Africa,Chad,16425859,11.833,16.7,2.486,1.446,1768.153,38.4,280.995,6.1,NA,NA,5.818,NA,54.24,Chad,7,9
TGO,Africa,Togo,8278737,143.366,19.4,2.839,1.525,1429.813,49.2,280.033,6.15,0.9,14.2,10.475,0.7,61.04,Togo,7,9
THA,Asia,Thailand,69799978,135.132,40.1,11.373,6.89,16277.671,0.1,109.861,7.04,1.9,38.8,90.67,2.1,77.15,Thailand,7,9
TJK,Asia,Tajikistan,9537642,64.281,23.3,3.466,2.155,2896.913,4.8,427.698,7.11,NA,NA,72.704,4.8,71.1,Tajikistan,7,9
TLS,Asia,Timor,1318442,87.176,18,3.556,1.897,6570.102,30.3,335.346,6.86,6.3,78.1,28.178,5.9,69.5,Timor,7,9
TTO,North America,Trinidad and Tobago,1399491,266.886,36.2,10.014,5.819,28763.071,NA,228.467,10.97,NA,NA,89.443,3,73.51,Trinidad+Tobago,7,9
TUN,Africa,Tunisia,11818618,74.228,32.7,8.001,5.075,10849.297,2,318.991,8.52,1.1,65.8,78.687,2.3,76.7,Tunisia,7,9
TUR,Asia,Turkey,84339067,104.914,31.6,8.153,5.061,25129.341,0.2,171.285,12.13,14.1,41.1,NA,2.81,77.69,Turkey,7,9
TWN,Asia,Taiwan,23816775,NA,42.2,NA,8.353,NA,NA,103.957,NA,NA,NA,NA,NA,80.46,Taiwan,7,9
TZA,Africa,Tanzania,59734213,64.699,17.7,3.108,1.874,2683.304,49.1,217.288,5.75,3.3,26.7,47.953,0.7,65.46,Tanzania,7,9
UGA,Africa,Uganda,45741000,213.759,16.4,2.168,1.308,1697.707,41.6,213.333,2.5,3.4,16.7,21.222,0.5,63.37,Uganda,1,3
UKR,Europe,Ukraine,43733759,77.39,41.4,16.462,11.133,7894.393,0.1,539.849,7.11,13.5,47.4,NA,8.8,72.06,Ukraine,6,8
URY,South America,Uruguay,3473727,19.751,35.6,14.655,10.361,20551.409,0.1,160.708,6.93,14,19.9,NA,2.8,77.91,Uruguay,7,9
USA,North America,United States,331002647,35.608,38.3,15.413,9.732,54225.446,1.2,151.089,10.79,19.1,24.6,NA,2.77,78.86,United States,6,8
UZB,Asia,Uzbekistan,33469199,76.134,28.2,4.469,2.873,6253.104,NA,724.417,7.57,1.3,24.7,NA,4,71.72,Uzbekistan,7,9
VAT,Europe,Vatican,809,NA,NA,NA,NA,NA,NA,NA,NA,NA,NA,NA,NA,75.12,Vatican,6,8
VCT,North America,Saint Vincent and the Grenadines,110947,281.787,31.8,7.724,4.832,10727.146,NA,252.675,11.62,NA,NA,NA,2.6,72.53,St Vincent+Grenadines,7,9
VEN,South America,Venezuela,28435943,36.253,29,6.614,3.915,16745.022,NA,204.85,6.47,NA,NA,NA,0.8,72.06,Venezuela,7,9
VGB,North America,British Virgin Islands,30237,207.973,NA,NA,NA,NA,NA,NA,13.67,NA,NA,NA,NA,79.07,British Virgin Isl.,6,8
VIR,North America,United States Virgin Islands,104423,306.48,42.2,18.601,10.799,NA,NA,273.67,12.26,NA,NA,NA,NA,80.58,US Virgin Isl.,6,8
VNM,Asia,Vietnam,97338583,308.127,32.6,7.15,4.718,6171.884,2,245.465,6,1,45.9,85.847,2.6,75.4,Vietnam,7,9
YEM,Asia,Yemen,29825968,53.508,20.3,2.922,1.583,1479.147,18.8,495.003,5.35,7.6,29.2,49.542,0.7,66.12,Yemen,7,9
ZAF,Africa,South Africa,59308690,46.754,27.3,5.344,3.053,12294.876,18.9,200.38,5.52,8.1,33.2,43.993,2.32,64.13,South Africa,12,2
ZMB,Africa,Zambia,18383956,22.995,17.7,2.48,1.542,3689.251,57.5,234.499,3.94,3.1,24.7,13.938,2,63.89,Zambia,4,6
ZWE,Africa,Zimbabwe,14862927,42.729,19.6,2.822,1.882,1899.775,21.4,307.846,1.82,1.6,30.7,36.791,1.7,61.49,Zimbabwe,7,9
