"","year(Date)","states","peak","region"
"1",2003,"Alabama",13854,"alabama"
"2",2003,"Alaska",-Inf,"alaska"
"3",2003,"Arizona",12225,"arizona"
"4",2003,"Arkansas",-Inf,"arkansas"
"5",2003,"California",12660,"california"
"6",2003,"Colorado",5741,"colorado"
"7",2003,"Connecticut",9496,"connecticut"
"8",2003,"Delaware",-Inf,"delaware"
"9",2003,"District.of.Columbia",6681,"district of columbia"
"10",2003,"Florida",6001,"florida"
"11",2003,"Georgia",9060,"georgia"
"12",2003,"Hawaii",5302,"hawaii"
"13",2003,"Idaho",-Inf,"idaho"
"14",2003,"Illinois",9191,"illinois"
"15",2003,"Indiana",7753,"indiana"
"16",2003,"Iowa",7095,"iowa"
"17",2003,"Kansas",4336,"kansas"
"18",2003,"Kentucky",7862,"kentucky"
"19",2003,"Louisiana",9333,"louisiana"
"20",2003,"Maine",-Inf,"maine"
"21",2003,"Maryland",9085,"maryland"
"22",2003,"Massachusetts",6144,"massachusetts"
"23",2003,"Michigan",9607,"michigan"
"24",2003,"Minnesota",7940,"minnesota"
"25",2003,"Mississippi",-Inf,"mississippi"
"26",2003,"Missouri",5694,"missouri"
"27",2003,"Montana",-Inf,"montana"
"28",2003,"Nebraska",7106,"nebraska"
"29",2003,"Nevada",11444,"nevada"
"30",2003,"New.Hampshire",8687,"new hampshire"
"31",2003,"New.Jersey",9954,"new jersey"
"32",2003,"New.Mexico",-Inf,"new mexico"
"33",2003,"New.York",9869,"new york"
"34",2003,"North.Carolina",11819,"north carolina"
"35",2003,"North.Dakota",-Inf,"north dakota"
"36",2003,"Ohio",10247,"ohio"
"37",2003,"Oklahoma",17538,"oklahoma"
"38",2003,"Oregon",7200,"oregon"
"39",2003,"Pennsylvania",9074,"pennsylvania"
"40",2003,"Rhode.Island",-Inf,"rhode island"
"41",2003,"South.Carolina",14142,"south carolina"
"42",2003,"South.Dakota",-Inf,"south dakota"
"43",2003,"Tennessee",8602,"tennessee"
"44",2003,"Texas",4828,"texas"
"45",2003,"Utah",5897,"utah"
"46",2003,"Vermont",-Inf,"vermont"
"47",2003,"Virginia",10181,"virginia"
"48",2003,"Washington",10349,"washington"
"49",2003,"West.Virginia",-Inf,"west virginia"
"50",2003,"Wisconsin",11868,"wisconsin"
"51",2003,"Wyoming",-Inf,"wyoming"
"52",2004,"Alabama",4680,"alabama"
"53",2004,"Alaska",1268,"alaska"
"54",2004,"Arizona",4699,"arizona"
"55",2004,"Arkansas",2906,"arkansas"
"56",2004,"California",3923,"california"
"57",2004,"Colorado",1505,"colorado"
"58",2004,"Connecticut",3084,"connecticut"
"59",2004,"Delaware",-Inf,"delaware"
"60",2004,"District.of.Columbia",4379,"district of columbia"
"61",2004,"Florida",2610,"florida"
"62",2004,"Georgia",2814,"georgia"
"63",2004,"Hawaii",6113,"hawaii"
"64",2004,"Idaho",1351,"idaho"
"65",2004,"Illinois",2936,"illinois"
"66",2004,"Indiana",4191,"indiana"
"67",2004,"Iowa",3329,"iowa"
"68",2004,"Kansas",2188,"kansas"
"69",2004,"Kentucky",4397,"kentucky"
"70",2004,"Louisiana",5975,"louisiana"
"71",2004,"Maine",870,"maine"
"72",2004,"Maryland",4254,"maryland"
"73",2004,"Massachusetts",2772,"massachusetts"
"74",2004,"Michigan",3279,"michigan"
"75",2004,"Minnesota",3861,"minnesota"
"76",2004,"Mississippi",1143,"mississippi"
"77",2004,"Missouri",2000,"missouri"
"78",2004,"Montana",-Inf,"montana"
"79",2004,"Nebraska",2947,"nebraska"
"80",2004,"Nevada",8168,"nevada"
"81",2004,"New.Hampshire",5982,"new hampshire"
"82",2004,"New.Jersey",3410,"new jersey"
"83",2004,"New.Mexico",2386,"new mexico"
"84",2004,"New.York",4164,"new york"
"85",2004,"North.Carolina",3041,"north carolina"
"86",2004,"North.Dakota",-Inf,"north dakota"
"87",2004,"Ohio",2519,"ohio"
"88",2004,"Oklahoma",6967,"oklahoma"
"89",2004,"Oregon",4308,"oregon"
"90",2004,"Pennsylvania",4082,"pennsylvania"
"91",2004,"Rhode.Island",1219,"rhode island"
"92",2004,"South.Carolina",5276,"south carolina"
"93",2004,"South.Dakota",-Inf,"south dakota"
"94",2004,"Tennessee",3450,"tennessee"
"95",2004,"Texas",3426,"texas"
"96",2004,"Utah",2402,"utah"
"97",2004,"Vermont",-Inf,"vermont"
"98",2004,"Virginia",3486,"virginia"
"99",2004,"Washington",2755,"washington"
"100",2004,"West.Virginia",2293,"west virginia"
"101",2004,"Wisconsin",3987,"wisconsin"
"102",2004,"Wyoming",-Inf,"wyoming"
"103",2005,"Alabama",4958,"alabama"
"104",2005,"Alaska",2386,"alaska"
"105",2005,"Arizona",12273,"arizona"
"106",2005,"Arkansas",9769,"arkansas"
"107",2005,"California",5618,"california"
"108",2005,"Colorado",2073,"colorado"
"109",2005,"Connecticut",2392,"connecticut"
"110",2005,"Delaware",2037,"delaware"
"111",2005,"District.of.Columbia",4555,"district of columbia"
"112",2005,"Florida",2500,"florida"
"113",2005,"Georgia",3989,"georgia"
"114",2005,"Hawaii",3662,"hawaii"
"115",2005,"Idaho",3396,"idaho"
"116",2005,"Illinois",3887,"illinois"
"117",2005,"Indiana",3910,"indiana"
"118",2005,"Iowa",3000,"iowa"
"119",2005,"Kansas",2406,"kansas"
"120",2005,"Kentucky",4431,"kentucky"
"121",2005,"Louisiana",7753,"louisiana"
"122",2005,"Maine",2223,"maine"
"123",2005,"Maryland",5437,"maryland"
"124",2005,"Massachusetts",2666,"massachusetts"
"125",2005,"Michigan",4810,"michigan"
"126",2005,"Minnesota",4711,"minnesota"
"127",2005,"Mississippi",5707,"mississippi"
"128",2005,"Missouri",2241,"missouri"
"129",2005,"Montana",739,"montana"
"130",2005,"Nebraska",2842,"nebraska"
"131",2005,"Nevada",6616,"nevada"
"132",2005,"New.Hampshire",2357,"new hampshire"
"133",2005,"New.Jersey",4163,"new jersey"
"134",2005,"New.Mexico",6095,"new mexico"
"135",2005,"New.York",4149,"new york"
"136",2005,"North.Carolina",4665,"north carolina"
"137",2005,"North.Dakota",-Inf,"north dakota"
"138",2005,"Ohio",3855,"ohio"
"139",2005,"Oklahoma",7309,"oklahoma"
"140",2005,"Oregon",4390,"oregon"
"141",2005,"Pennsylvania",4913,"pennsylvania"
"142",2005,"Rhode.Island",3107,"rhode island"
"143",2005,"South.Carolina",4256,"south carolina"
"144",2005,"South.Dakota",-Inf,"south dakota"
"145",2005,"Tennessee",6232,"tennessee"
"146",2005,"Texas",7732,"texas"
"147",2005,"Utah",4793,"utah"
"148",2005,"Vermont",778,"vermont"
"149",2005,"Virginia",5441,"virginia"
"150",2005,"Washington",4155,"washington"
"151",2005,"West.Virginia",4248,"west virginia"
"152",2005,"Wisconsin",4948,"wisconsin"
"153",2005,"Wyoming",-Inf,"wyoming"
"154",2006,"Alabama",5334,"alabama"
"155",2006,"Alaska",1831,"alaska"
"156",2006,"Arizona",7717,"arizona"
"157",2006,"Arkansas",5524,"arkansas"
"158",2006,"California",3646,"california"
"159",2006,"Colorado",1464,"colorado"
"160",2006,"Connecticut",1574,"connecticut"
"161",2006,"Delaware",2681,"delaware"
"162",2006,"District.of.Columbia",2654,"district of columbia"
"163",2006,"Florida",2359,"florida"
"164",2006,"Georgia",3333,"georgia"
"165",2006,"Hawaii",2434,"hawaii"
"166",2006,"Idaho",3039,"idaho"
"167",2006,"Illinois",2460,"illinois"
"168",2006,"Indiana",2460,"indiana"
"169",2006,"Iowa",2976,"iowa"
"170",2006,"Kansas",1868,"kansas"
"171",2006,"Kentucky",2594,"kentucky"
"172",2006,"Louisiana",6140,"louisiana"
"173",2006,"Maine",2128,"maine"
"174",2006,"Maryland",3519,"maryland"
"175",2006,"Massachusetts",1442,"massachusetts"
"176",2006,"Michigan",2537,"michigan"
"177",2006,"Minnesota",3044,"minnesota"
"178",2006,"Mississippi",4906,"mississippi"
"179",2006,"Missouri",2066,"missouri"
"180",2006,"Montana",1714,"montana"
"181",2006,"Nebraska",1807,"nebraska"
"182",2006,"Nevada",5248,"nevada"
"183",2006,"New.Hampshire",1658,"new hampshire"
"184",2006,"New.Jersey",2262,"new jersey"
"185",2006,"New.Mexico",7008,"new mexico"
"186",2006,"New.York",2252,"new york"
"187",2006,"North.Carolina",4006,"north carolina"
"188",2006,"North.Dakota",882,"north dakota"
"189",2006,"Ohio",2636,"ohio"
"190",2006,"Oklahoma",6408,"oklahoma"
"191",2006,"Oregon",2793,"oregon"
"192",2006,"Pennsylvania",3230,"pennsylvania"
"193",2006,"Rhode.Island",1495,"rhode island"
"194",2006,"South.Carolina",2929,"south carolina"
"195",2006,"South.Dakota",1283,"south dakota"
"196",2006,"Tennessee",3474,"tennessee"
"197",2006,"Texas",4382,"texas"
"198",2006,"Utah",2804,"utah"
"199",2006,"Vermont",1409,"vermont"
"200",2006,"Virginia",4242,"virginia"
"201",2006,"Washington",2729,"washington"
"202",2006,"West.Virginia",3315,"west virginia"
"203",2006,"Wisconsin",2435,"wisconsin"
"204",2006,"Wyoming",-Inf,"wyoming"
"205",2007,"Alabama",2915,"alabama"
"206",2007,"Alaska",4366,"alaska"
"207",2007,"Arizona",2881,"arizona"
"208",2007,"Arkansas",10011,"arkansas"
"209",2007,"California",3524,"california"
"210",2007,"Colorado",1406,"colorado"
"211",2007,"Connecticut",1499,"connecticut"
"212",2007,"Delaware",2679,"delaware"
"213",2007,"District.of.Columbia",2573,"district of columbia"
"214",2007,"Florida",1524,"florida"
"215",2007,"Georgia",2760,"georgia"
"216",2007,"Hawaii",2453,"hawaii"
"217",2007,"Idaho",4385,"idaho"
"218",2007,"Illinois",2311,"illinois"
"219",2007,"Indiana",2416,"indiana"
"220",2007,"Iowa",2781,"iowa"
"221",2007,"Kansas",1931,"kansas"
"222",2007,"Kentucky",3084,"kentucky"
"223",2007,"Louisiana",4330,"louisiana"
"224",2007,"Maine",1545,"maine"
"225",2007,"Maryland",2850,"maryland"
"226",2007,"Massachusetts",1263,"massachusetts"
"227",2007,"Michigan",2399,"michigan"
"228",2007,"Minnesota",5982,"minnesota"
"229",2007,"Mississippi",3576,"mississippi"
"230",2007,"Missouri",1464,"missouri"
"231",2007,"Montana",2370,"montana"
"232",2007,"Nebraska",3486,"nebraska"
"233",2007,"Nevada",2725,"nevada"
"234",2007,"New.Hampshire",1589,"new hampshire"
"235",2007,"New.Jersey",2539,"new jersey"
"236",2007,"New.Mexico",3352,"new mexico"
"237",2007,"New.York",2368,"new york"
"238",2007,"North.Carolina",3666,"north carolina"
"239",2007,"North.Dakota",4593,"north dakota"
"240",2007,"Ohio",2314,"ohio"
"241",2007,"Oklahoma",8534,"oklahoma"
"242",2007,"Oregon",4410,"oregon"
"243",2007,"Pennsylvania",2820,"pennsylvania"
"244",2007,"Rhode.Island",1251,"rhode island"
"245",2007,"South.Carolina",2977,"south carolina"
"246",2007,"South.Dakota",5270,"south dakota"
"247",2007,"Tennessee",3563,"tennessee"
"248",2007,"Texas",6565,"texas"
"249",2007,"Utah",1356,"utah"
"250",2007,"Vermont",1460,"vermont"
"251",2007,"Virginia",3234,"virginia"
"252",2007,"Washington",5845,"washington"
"253",2007,"West.Virginia",3216,"west virginia"
"254",2007,"Wisconsin",3297,"wisconsin"
"255",2007,"Wyoming",623,"wyoming"
"256",2008,"Alabama",10185,"alabama"
"257",2008,"Alaska",3079,"alaska"
"258",2008,"Arizona",7398,"arizona"
"259",2008,"Arkansas",14700,"arkansas"
"260",2008,"California",5426,"california"
"261",2008,"Colorado",3774,"colorado"
"262",2008,"Connecticut",3829,"connecticut"
"263",2008,"Delaware",5593,"delaware"
"264",2008,"District.of.Columbia",5125,"district of columbia"
"265",2008,"Florida",3161,"florida"
"266",2008,"Georgia",6944,"georgia"
"267",2008,"Hawaii",3417,"hawaii"
"268",2008,"Idaho",6051,"idaho"
"269",2008,"Illinois",5161,"illinois"
"270",2008,"Indiana",7046,"indiana"
"271",2008,"Iowa",4527,"iowa"
"272",2008,"Kansas",5324,"kansas"
"273",2008,"Kentucky",7970,"kentucky"
"274",2008,"Louisiana",11329,"louisiana"
"275",2008,"Maine",5225,"maine"
"276",2008,"Maryland",6292,"maryland"
"277",2008,"Massachusetts",4517,"massachusetts"
"278",2008,"Michigan",4624,"michigan"
"279",2008,"Minnesota",6909,"minnesota"
"280",2008,"Mississippi",11343,"mississippi"
"281",2008,"Missouri",4319,"missouri"
"282",2008,"Montana",3328,"montana"
"283",2008,"Nebraska",6729,"nebraska"
"284",2008,"Nevada",6161,"nevada"
"285",2008,"New.Hampshire",4815,"new hampshire"
"286",2008,"New.Jersey",5924,"new jersey"
"287",2008,"New.Mexico",7520,"new mexico"
"288",2008,"New.York",5628,"new york"
"289",2008,"North.Carolina",9441,"north carolina"
"290",2008,"North.Dakota",7651,"north dakota"
"291",2008,"Ohio",4870,"ohio"
"292",2008,"Oklahoma",14807,"oklahoma"
"293",2008,"Oregon",5662,"oregon"
"294",2008,"Pennsylvania",5887,"pennsylvania"
"295",2008,"Rhode.Island",5201,"rhode island"
"296",2008,"South.Carolina",8604,"south carolina"
"297",2008,"South.Dakota",7080,"south dakota"
"298",2008,"Tennessee",9413,"tennessee"
"299",2008,"Texas",9758,"texas"
"300",2008,"Utah",3603,"utah"
"301",2008,"Vermont",3414,"vermont"
"302",2008,"Virginia",6116,"virginia"
"303",2008,"Washington",5395,"washington"
"304",2008,"West.Virginia",7673,"west virginia"
"305",2008,"Wisconsin",6887,"wisconsin"
"306",2008,"Wyoming",3106,"wyoming"
"307",2009,"Alabama",7783,"alabama"
"308",2009,"Alaska",6363,"alaska"
"309",2009,"Arizona",13183,"arizona"
"310",2009,"Arkansas",13036,"arkansas"
"311",2009,"California",7756,"california"
"312",2009,"Colorado",5033,"colorado"
"313",2009,"Connecticut",7965,"connecticut"
"314",2009,"Delaware",9403,"delaware"
"315",2009,"District.of.Columbia",6688,"district of columbia"
"316",2009,"Florida",3760,"florida"
"317",2009,"Georgia",5240,"georgia"
"318",2009,"Hawaii",10816,"hawaii"
"319",2009,"Idaho",15642,"idaho"
"320",2009,"Illinois",7521,"illinois"
"321",2009,"Indiana",10815,"indiana"
"322",2009,"Iowa",6550,"iowa"
"323",2009,"Kansas",5520,"kansas"
"324",2009,"Kentucky",10178,"kentucky"
"325",2009,"Louisiana",10541,"louisiana"
"326",2009,"Maine",6266,"maine"
"327",2009,"Maryland",9110,"maryland"
"328",2009,"Massachusetts",7385,"massachusetts"
"329",2009,"Michigan",8629,"michigan"
"330",2009,"Minnesota",9521,"minnesota"
"331",2009,"Mississippi",7081,"mississippi"
"332",2009,"Missouri",6148,"missouri"
"333",2009,"Montana",6606,"montana"
"334",2009,"Nebraska",5523,"nebraska"
"335",2009,"Nevada",5814,"nevada"
"336",2009,"New.Hampshire",10389,"new hampshire"
"337",2009,"New.Jersey",7704,"new jersey"
"338",2009,"New.Mexico",12088,"new mexico"
"339",2009,"New.York",6798,"new york"
"340",2009,"North.Carolina",6594,"north carolina"
"341",2009,"North.Dakota",11538,"north dakota"
"342",2009,"Ohio",11500,"ohio"
"343",2009,"Oklahoma",15590,"oklahoma"
"344",2009,"Oregon",12359,"oregon"
"345",2009,"Pennsylvania",9238,"pennsylvania"
"346",2009,"Rhode.Island",8907,"rhode island"
"347",2009,"South.Carolina",7533,"south carolina"
"348",2009,"South.Dakota",10446,"south dakota"
"349",2009,"Tennessee",7067,"tennessee"
"350",2009,"Texas",13458,"texas"
"351",2009,"Utah",4433,"utah"
"352",2009,"Vermont",9348,"vermont"
"353",2009,"Virginia",9204,"virginia"
"354",2009,"Washington",9795,"washington"
"355",2009,"West.Virginia",11598,"west virginia"
"356",2009,"Wisconsin",7896,"wisconsin"
"357",2009,"Wyoming",5326,"wyoming"
"358",2010,"Alabama",6209,"alabama"
"359",2010,"Alaska",1653,"alaska"
"360",2010,"Arizona",3657,"arizona"
"361",2010,"Arkansas",4407,"arkansas"
"362",2010,"California",2737,"california"
"363",2010,"Colorado",1131,"colorado"
"364",2010,"Connecticut",1828,"connecticut"
"365",2010,"Delaware",2699,"delaware"
"366",2010,"District.of.Columbia",2752,"district of columbia"
"367",2010,"Florida",2526,"florida"
"368",2010,"Georgia",4199,"georgia"
"369",2010,"Hawaii",2716,"hawaii"
"370",2010,"Idaho",1963,"idaho"
"371",2010,"Illinois",2269,"illinois"
"372",2010,"Indiana",2542,"indiana"
"373",2010,"Iowa",1317,"iowa"
"374",2010,"Kansas",1378,"kansas"
"375",2010,"Kentucky",3794,"kentucky"
"376",2010,"Louisiana",5533,"louisiana"
"377",2010,"Maine",1403,"maine"
"378",2010,"Maryland",3437,"maryland"
"379",2010,"Massachusetts",1459,"massachusetts"
"380",2010,"Michigan",2259,"michigan"
"381",2010,"Minnesota",2463,"minnesota"
"382",2010,"Mississippi",5931,"mississippi"
"383",2010,"Missouri",1624,"missouri"
"384",2010,"Montana",1279,"montana"
"385",2010,"Nebraska",1267,"nebraska"
"386",2010,"Nevada",2255,"nevada"
"387",2010,"New.Hampshire",1514,"new hampshire"
"388",2010,"New.Jersey",2987,"new jersey"
"389",2010,"New.Mexico",3034,"new mexico"
"390",2010,"New.York",3214,"new york"
"391",2010,"North.Carolina",2564,"north carolina"
"392",2010,"North.Dakota",1094,"north dakota"
"393",2010,"Ohio",2459,"ohio"
"394",2010,"Oklahoma",5757,"oklahoma"
"395",2010,"Oregon",2130,"oregon"
"396",2010,"Pennsylvania",3362,"pennsylvania"
"397",2010,"Rhode.Island",1246,"rhode island"
"398",2010,"South.Carolina",2889,"south carolina"
"399",2010,"South.Dakota",1200,"south dakota"
"400",2010,"Tennessee",3391,"tennessee"
"401",2010,"Texas",3968,"texas"
"402",2010,"Utah",1728,"utah"
"403",2010,"Vermont",1159,"vermont"
"404",2010,"Virginia",3349,"virginia"
"405",2010,"Washington",1932,"washington"
"406",2010,"West.Virginia",2861,"west virginia"
"407",2010,"Wisconsin",2205,"wisconsin"
"408",2010,"Wyoming",989,"wyoming"
"409",2011,"Alabama",4632,"alabama"
"410",2011,"Alaska",4668,"alaska"
"411",2011,"Arizona",6894,"arizona"
"412",2011,"Arkansas",7529,"arkansas"
"413",2011,"California",4082,"california"
"414",2011,"Colorado",2132,"colorado"
"415",2011,"Connecticut",1939,"connecticut"
"416",2011,"Delaware",4304,"delaware"
"417",2011,"District.of.Columbia",4100,"district of columbia"
"418",2011,"Florida",2580,"florida"
"419",2011,"Georgia",3438,"georgia"
"420",2011,"Hawaii",4940,"hawaii"
"421",2011,"Idaho",4793,"idaho"
"422",2011,"Illinois",3308,"illinois"
"423",2011,"Indiana",4588,"indiana"
"424",2011,"Iowa",3157,"iowa"
"425",2011,"Kansas",2368,"kansas"
"426",2011,"Kentucky",5198,"kentucky"
"427",2011,"Louisiana",8541,"louisiana"
"428",2011,"Maine",2940,"maine"
"429",2011,"Maryland",4106,"maryland"
"430",2011,"Massachusetts",2166,"massachusetts"
"431",2011,"Michigan",3661,"michigan"
"432",2011,"Minnesota",3842,"minnesota"
"433",2011,"Mississippi",4949,"mississippi"
"434",2011,"Missouri",1902,"missouri"
"435",2011,"Montana",2415,"montana"
"436",2011,"Nebraska",3476,"nebraska"
"437",2011,"Nevada",4400,"nevada"
"438",2011,"New.Hampshire",2293,"new hampshire"
"439",2011,"New.Jersey",3297,"new jersey"
"440",2011,"New.Mexico",4793,"new mexico"
"441",2011,"New.York",3707,"new york"
"442",2011,"North.Carolina",6540,"north carolina"
"443",2011,"North.Dakota",3294,"north dakota"
"444",2011,"Ohio",3924,"ohio"
"445",2011,"Oklahoma",11288,"oklahoma"
"446",2011,"Oregon",3496,"oregon"
"447",2011,"Pennsylvania",4317,"pennsylvania"
"448",2011,"Rhode.Island",2449,"rhode island"
"449",2011,"South.Carolina",7302,"south carolina"
"450",2011,"South.Dakota",3920,"south dakota"
"451",2011,"Tennessee",6001,"tennessee"
"452",2011,"Texas",7592,"texas"
"453",2011,"Utah",1578,"utah"
"454",2011,"Vermont",2031,"vermont"
"455",2011,"Virginia",5090,"virginia"
"456",2011,"Washington",3550,"washington"
"457",2011,"West.Virginia",6824,"west virginia"
"458",2011,"Wisconsin",3086,"wisconsin"
"459",2011,"Wyoming",2050,"wyoming"
"460",2012,"Alabama",13844,"alabama"
"461",2012,"Alaska",5266,"alaska"
"462",2012,"Arizona",10286,"arizona"
"463",2012,"Arkansas",15485,"arkansas"
"464",2012,"California",6573,"california"
"465",2012,"Colorado",5347,"colorado"
"466",2012,"Connecticut",5405,"connecticut"
"467",2012,"Delaware",7377,"delaware"
"468",2012,"District.of.Columbia",7403,"district of columbia"
"469",2012,"Florida",5717,"florida"
"470",2012,"Georgia",10306,"georgia"
"471",2012,"Hawaii",4363,"hawaii"
"472",2012,"Idaho",7139,"idaho"
"473",2012,"Illinois",9751,"illinois"
"474",2012,"Indiana",7758,"indiana"
"475",2012,"Iowa",5465,"iowa"
"476",2012,"Kansas",5839,"kansas"
"477",2012,"Kentucky",9630,"kentucky"
"478",2012,"Louisiana",18256,"louisiana"
"479",2012,"Maine",7279,"maine"
"480",2012,"Maryland",9794,"maryland"
"481",2012,"Massachusetts",9788,"massachusetts"
"482",2012,"Michigan",8584,"michigan"
"483",2012,"Minnesota",13338,"minnesota"
"484",2012,"Mississippi",16749,"mississippi"
"485",2012,"Missouri",4747,"missouri"
"486",2012,"Montana",4278,"montana"
"487",2012,"Nebraska",6990,"nebraska"
"488",2012,"Nevada",6354,"nevada"
"489",2012,"New.Hampshire",8230,"new hampshire"
"490",2012,"New.Jersey",10972,"new jersey"
"491",2012,"New.Mexico",8343,"new mexico"
"492",2012,"New.York",10129,"new york"
"493",2012,"North.Carolina",10622,"north carolina"
"494",2012,"North.Dakota",9616,"north dakota"
"495",2012,"Ohio",8606,"ohio"
"496",2012,"Oklahoma",16093,"oklahoma"
"497",2012,"Oregon",4813,"oregon"
"498",2012,"Pennsylvania",8784,"pennsylvania"
"499",2012,"Rhode.Island",9856,"rhode island"
"500",2012,"South.Carolina",9521,"south carolina"
"501",2012,"South.Dakota",7087,"south dakota"
"502",2012,"Tennessee",12857,"tennessee"
"503",2012,"Texas",15289,"texas"
"504",2012,"Utah",3372,"utah"
"505",2012,"Vermont",5077,"vermont"
"506",2012,"Virginia",9501,"virginia"
"507",2012,"Washington",7083,"washington"
"508",2012,"West.Virginia",10505,"west virginia"
"509",2012,"Wisconsin",11502,"wisconsin"
"510",2012,"Wyoming",6175,"wyoming"
"511",2013,"Alabama",13577,"alabama"
"512",2013,"Alaska",7384,"alaska"
"513",2013,"Arizona",20199,"arizona"
"514",2013,"Arkansas",24355,"arkansas"
"515",2013,"California",16326,"california"
"516",2013,"Colorado",9019,"colorado"
"517",2013,"Connecticut",17101,"connecticut"
"518",2013,"Delaware",13563,"delaware"
"519",2013,"District.of.Columbia",9005,"district of columbia"
"520",2013,"Florida",6884,"florida"
"521",2013,"Georgia",10380,"georgia"
"522",2013,"Hawaii",10291,"hawaii"
"523",2013,"Idaho",10330,"idaho"
"524",2013,"Illinois",11964,"illinois"
"525",2013,"Indiana",9306,"indiana"
"526",2013,"Iowa",7462,"iowa"
"527",2013,"Kansas",9963,"kansas"
"528",2013,"Kentucky",13952,"kentucky"
"529",2013,"Louisiana",20084,"louisiana"
"530",2013,"Maine",11507,"maine"
"531",2013,"Maryland",13800,"maryland"
"532",2013,"Massachusetts",15197,"massachusetts"
"533",2013,"Michigan",9128,"michigan"
"534",2013,"Minnesota",18749,"minnesota"
"535",2013,"Mississippi",14185,"mississippi"
"536",2013,"Missouri",6088,"missouri"
"537",2013,"Montana",9656,"montana"
"538",2013,"Nebraska",10691,"nebraska"
"539",2013,"Nevada",14022,"nevada"
"540",2013,"New.Hampshire",14897,"new hampshire"
"541",2013,"New.Jersey",20896,"new jersey"
"542",2013,"New.Mexico",13421,"new mexico"
"543",2013,"New.York",13046,"new york"
"544",2013,"North.Carolina",9454,"north carolina"
"545",2013,"North.Dakota",11887,"north dakota"
"546",2013,"Ohio",10312,"ohio"
"547",2013,"Oklahoma",24586,"oklahoma"
"548",2013,"Oregon",13615,"oregon"
"549",2013,"Pennsylvania",12143,"pennsylvania"
"550",2013,"Rhode.Island",12743,"rhode island"
"551",2013,"South.Carolina",10880,"south carolina"
"552",2013,"South.Dakota",10982,"south dakota"
"553",2013,"Tennessee",13591,"tennessee"
"554",2013,"Texas",18590,"texas"
"555",2013,"Utah",6896,"utah"
"556",2013,"Vermont",11557,"vermont"
"557",2013,"Virginia",10590,"virginia"
"558",2013,"Washington",13388,"washington"
"559",2013,"West.Virginia",13412,"west virginia"
"560",2013,"Wisconsin",16065,"wisconsin"
"561",2013,"Wyoming",8110,"wyoming"
"562",2014,"Alabama",10522,"alabama"
"563",2014,"Alaska",4265,"alaska"
"564",2014,"Arizona",5719,"arizona"
"565",2014,"Arkansas",13108,"arkansas"
"566",2014,"California",6201,"california"
"567",2014,"Colorado",6277,"colorado"
"568",2014,"Connecticut",2672,"connecticut"
"569",2014,"Delaware",6554,"delaware"
"570",2014,"District.of.Columbia",7188,"district of columbia"
"571",2014,"Florida",5228,"florida"
"572",2014,"Georgia",8372,"georgia"
"573",2014,"Hawaii",5523,"hawaii"
"574",2014,"Idaho",5914,"idaho"
"575",2014,"Illinois",6796,"illinois"
"576",2014,"Indiana",9477,"indiana"
"577",2014,"Iowa",9737,"iowa"
"578",2014,"Kansas",6994,"kansas"
"579",2014,"Kentucky",13836,"kentucky"
"580",2014,"Louisiana",10371,"louisiana"
"581",2014,"Maine",3334,"maine"
"582",2014,"Maryland",8057,"maryland"
"583",2014,"Massachusetts",2944,"massachusetts"
"584",2014,"Michigan",7788,"michigan"
"585",2014,"Minnesota",9437,"minnesota"
"586",2014,"Mississippi",10515,"mississippi"
"587",2014,"Missouri",7870,"missouri"
"588",2014,"Montana",3853,"montana"
"589",2014,"Nebraska",5593,"nebraska"
"590",2014,"Nevada",6360,"nevada"
"591",2014,"New.Hampshire",2931,"new hampshire"
"592",2014,"New.Jersey",5681,"new jersey"
"593",2014,"New.Mexico",8359,"new mexico"
"594",2014,"New.York",5553,"new york"
"595",2014,"North.Carolina",9388,"north carolina"
"596",2014,"North.Dakota",5982,"north dakota"
"597",2014,"Ohio",8756,"ohio"
"598",2014,"Oklahoma",12465,"oklahoma"
"599",2014,"Oregon",6333,"oregon"
"600",2014,"Pennsylvania",6228,"pennsylvania"
"601",2014,"Rhode.Island",2651,"rhode island"
"602",2014,"South.Carolina",10918,"south carolina"
"603",2014,"South.Dakota",6596,"south dakota"
"604",2014,"Tennessee",11846,"tennessee"
"605",2014,"Texas",9816,"texas"
"606",2014,"Utah",4916,"utah"
"607",2014,"Vermont",3098,"vermont"
"608",2014,"Virginia",5566,"virginia"
"609",2014,"Washington",5236,"washington"
"610",2014,"West.Virginia",9122,"west virginia"
"611",2014,"Wisconsin",7673,"wisconsin"
"612",2014,"Wyoming",4005,"wyoming"
"613",2015,"Alabama",4886,"alabama"
"614",2015,"Alaska",3219,"alaska"
"615",2015,"Arizona",5558,"arizona"
"616",2015,"Arkansas",10203,"arkansas"
"617",2015,"California",5874,"california"
"618",2015,"Colorado",3212,"colorado"
"619",2015,"Connecticut",3527,"connecticut"
"620",2015,"Delaware",5036,"delaware"
"621",2015,"District.of.Columbia",6133,"district of columbia"
"622",2015,"Florida",3800,"florida"
"623",2015,"Georgia",4138,"georgia"
"624",2015,"Hawaii",8258,"hawaii"
"625",2015,"Idaho",4725,"idaho"
"626",2015,"Illinois",3228,"illinois"
"627",2015,"Indiana",4387,"indiana"
"628",2015,"Iowa",7521,"iowa"
"629",2015,"Kansas",5101,"kansas"
"630",2015,"Kentucky",6783,"kentucky"
"631",2015,"Louisiana",6795,"louisiana"
"632",2015,"Maine",5659,"maine"
"633",2015,"Maryland",6346,"maryland"
"634",2015,"Massachusetts",3845,"massachusetts"
"635",2015,"Michigan",4291,"michigan"
"636",2015,"Minnesota",4872,"minnesota"
"637",2015,"Mississippi",5518,"mississippi"
"638",2015,"Missouri",3661,"missouri"
"639",2015,"Montana",4231,"montana"
"640",2015,"Nebraska",5704,"nebraska"
"641",2015,"Nevada",6853,"nevada"
"642",2015,"New.Hampshire",4559,"new hampshire"
"643",2015,"New.Jersey",5431,"new jersey"
"644",2015,"New.Mexico",7811,"new mexico"
"645",2015,"New.York",5191,"new york"
"646",2015,"North.Carolina",6050,"north carolina"
"647",2015,"North.Dakota",4029,"north dakota"
"648",2015,"Ohio",4625,"ohio"
"649",2015,"Oklahoma",11590,"oklahoma"
"650",2015,"Oregon",2735,"oregon"
"651",2015,"Pennsylvania",5523,"pennsylvania"
"652",2015,"Rhode.Island",5285,"rhode island"
"653",2015,"South.Carolina",4990,"south carolina"
"654",2015,"South.Dakota",6894,"south dakota"
"655",2015,"Tennessee",6552,"tennessee"
"656",2015,"Texas",6931,"texas"
"657",2015,"Utah",3395,"utah"
"658",2015,"Vermont",4005,"vermont"
"659",2015,"Virginia",4115,"virginia"
"660",2015,"Washington",5069,"washington"
"661",2015,"West.Virginia",7423,"west virginia"
"662",2015,"Wisconsin",4750,"wisconsin"
"663",2015,"Wyoming",4044,"wyoming"
