polInf,collegeDegree,female,age,homeOwn,govt,length,id
Fairly High,Yes,No,49,Yes,No,58.400001525878906,1
Average,No,Yes,35,Yes,No,46.150001525878906,2
Very High,No,Yes,57,Yes,No,89.5199966430664,3
Average,No,No,63,Yes,No,92.62999725341797,4
Fairly High,Yes,Yes,40,Yes,No,58.849998474121094,4
Average,No,No,77,Yes,No,53.81999969482422,4
Average,No,No,43,Yes,No,58.470001220703125,5
Fairly High,Yes,Yes,47,Yes,No,53.02000045776367,5
Average,Yes,Yes,26,Yes,No,58.97999954223633,5
Very High,No,Yes,48,No,Yes,86,6
Average,No,Yes,41,Yes,No,52.93000030517578,7
Fairly High,No,No,41,Yes,No,48.20000076293945,7
Fairly High,No,No,37,No,No,91,8
Average,No,Yes,18,Yes,No,53.25,8
Fairly High,No,Yes,70,Yes,No,135.47000122070312,8
Fairly High,No,No,31,Yes,No,73.37999725341797,8
Average,No,Yes,18,Yes,No,66.7699966430664,9
Fairly Low,No,Yes,22,No,No,47.970001220703125,9
Very Low,No,Yes,60,No,Yes,77.05000305175781,9
Fairly High,Yes,Yes,44,Yes,No,53.56999969482422,9
Very Low,No,No,72,Yes,No,69.06999969482422,10
Fairly Low,No,Yes,43,Yes,No,44.599998474121094,10
Fairly High,No,Yes,57,No,No,88.970001220703125,10
Average,Yes,No,43,Yes,No,74.4800033569336,10
Average,No,Yes,63,No,No,77.220001220703125,10
Fairly Low,No,Yes,40,No,No,49.68000030517578,10
Very High,Yes,Yes,44,Yes,No,48.5,11
Average,No,No,29,No,No,67.4800033569336,11
Average,No,No,63,Yes,No,45.22999954223633,11
Fairly High,No,Yes,19,No,No,57.650001525878906,11
Fairly High,No,Yes,57,Yes,No,56.880001068115234,11
Average,No,Yes,78,Yes,No,92.68000030517578,11
Average,No,Yes,39,Yes,No,120.16999816894531,11
Fairly High,No,No,68,Yes,No,79.5999984741211,8
Average,Yes,No,35,No,No,58.900001525878906,12
Average,No,Yes,22,No,No,46.630001068115234,13
Average,No,Yes,76,Yes,No,76.029998779296875,11
Average,Yes,Yes,32,Yes,No,73,11
Fairly Low,No,No,53,Yes,No,52.58000183105469,11
Average,No,Yes,59,No,No,183.10000610351562,14
Fairly High,Yes,No,62,Yes,No,NA,14
Average,Yes,Yes,30,Yes,No,87.16999816894531,15
Fairly High,No,Yes,67,Yes,No,62.779998779296875,15
Fairly High,No,Yes,43,Yes,Yes,67.5,15
Average,No,Yes,34,No,Yes,77.81999969482422,15
Very High,Yes,Yes,69,Yes,No,64.44999694824219,15
Fairly Low,No,Yes,28,No,No,51.130001068115234,12
Fairly Low,No,Yes,19,No,No,52.22999954223633,12
Average,No,Yes,23,No,No,50.58000183105469,10
Fairly Low,Yes,Yes,30,Yes,No,63.650001525878906,10
Fairly High,No,No,37,Yes,No,63.099998474121094,12
Average,Yes,No,29,Yes,No,61.72999954223633,12
Fairly High,Yes,No,47,Yes,No,92.68000030517578,16
Very High,No,Yes,67,No,No,61.869998931884766,17
Very High,Yes,Yes,NA,Yes,No,62.25,17
Average,No,No,50,Yes,No,83.31999969482422,17
Average,No,No,37,Yes,No,81.9000015258789,17
Fairly High,No,Yes,45,No,No,90.12000274658203,17
Fairly Low,No,Yes,51,No,No,58.75,17
Fairly Low,Yes,Yes,59,Yes,No,52.130001068115234,17
Average,No,No,34,Yes,No,57.31999969482422,18
Average,No,Yes,45,Yes,No,56.75,18
Fairly Low,No,Yes,43,Yes,No,59.29999923706055,18
Average,No,Yes,56,Yes,No,85.6500015258789,16
Very High,No,Yes,71,Yes,No,82.6500015258789,19
Very High,No,Yes,60,No,No,109.97000122070312,19
Average,No,Yes,52,Yes,No,60.70000076293945,20
Fairly Low,Yes,Yes,36,Yes,No,60.43000030517578,21
Fairly Low,No,Yes,58,Yes,No,72.529998779296875,21
Fairly High,Yes,Yes,38,Yes,No,54.31999969482422,22
Average,Yes,Yes,58,Yes,No,74.6500015258789,22
Fairly Low,No,No,30,No,No,58.95000076293945,2
Average,No,Yes,37,Yes,No,44.75,2
Fairly High,Yes,No,46,Yes,No,54.5,23
Very High,No,No,54,Yes,No,59.79999923706055,24
Very High,Yes,Yes,50,Yes,No,104.47000122070312,24
Average,No,Yes,84,Yes,No,59.06999969482422,24
Average,No,Yes,34,No,Yes,42.630001068115234,25
Fairly High,No,No,47,Yes,No,57.72999954223633,2
Fairly High,No,Yes,26,No,No,45.970001220703125,2
Average,Yes,Yes,40,Yes,No,56.16999816894531,25
Very Low,No,Yes,48,No,No,44.27000045776367,22
Average,No,Yes,24,Yes,No,55.56999969482422,22
Very Low,No,Yes,68,No,No,24.700000762939453,22
Average,Yes,Yes,37,Yes,No,NA,14
Average,No,Yes,34,Yes,No,234.47000122070312,14
Average,Yes,Yes,64,Yes,No,74.470001220703125,8
Average,No,Yes,34,Yes,No,76.91999816894531,11
Fairly High,No,No,45,Yes,No,74.33000183105469,18
Average,No,Yes,82,No,No,86.69999694824219,12
Fairly Low,No,Yes,38,No,No,46.06999969482422,8
Fairly High,No,No,56,No,No,50.77000045776367,8
Fairly High,Yes,No,25,Yes,No,53.97999954223633,8
Average,No,Yes,47,Yes,No,68.779998779296875,8
Average,No,No,57,Yes,No,44.150001525878906,23
Fairly High,No,Yes,76,No,No,43.880001068115234,23
Very High,Yes,No,49,Yes,No,65.12999725341797,23
Fairly Low,No,No,37,Yes,No,34.41999816894531,23
Very Low,No,Yes,35,Yes,No,49.099998474121094,23
Fairly Low,No,Yes,45,No,No,33.779998779296875,23
Average,No,Yes,51,Yes,No,54.95000076293945,23
Fairly High,Yes,No,78,Yes,No,73.58000183105469,5
Average,Yes,Yes,42,Yes,No,95.93000030517578,16
Very High,Yes,No,53,Yes,No,52.529998779296875,5
Average,No,Yes,51,Yes,No,53.869998931884766,5
Average,Yes,Yes,35,Yes,No,47.58000183105469,5
Fairly Low,Yes,No,42,No,No,69.220001220703125,5
Very High,Yes,No,36,No,Yes,67.05000305175781,5
Average,Yes,No,48,Yes,No,54.619998931884766,5
Very High,No,Yes,66,No,No,76.12000274658203,6
Very Low,No,Yes,30,No,No,47.83000183105469,6
Very High,Yes,Yes,40,Yes,No,124.91999816894531,6
Fairly Low,No,No,33,Yes,No,57.16999816894531,26
Fairly High,No,No,33,No,No,52.33000183105469,26
Very High,Yes,Yes,29,No,Yes,61.72999954223633,26
Fairly Low,No,Yes,20,Yes,No,54.16999816894531,26
Average,No,Yes,70,Yes,No,74.5,6
Very High,No,No,66,Yes,No,53,6
Very High,Yes,Yes,61,Yes,No,69.2699966430664,6
Fairly Low,No,Yes,74,Yes,No,77.7300033569336,6
Very High,Yes,Yes,65,No,No,75.44999694824219,6
Very High,Yes,Yes,55,No,Yes,51.56999969482422,6
Fairly High,Yes,No,31,Yes,No,60.68000030517578,27
Average,Yes,Yes,62,Yes,No,49.97999954223633,27
Very High,No,No,45,Yes,No,52.619998931884766,27
Fairly High,Yes,No,74,Yes,No,82.58000183105469,27
Very High,No,Yes,51,Yes,No,69.7699966430664,27
Fairly Low,No,Yes,60,Yes,No,46.47999954223633,26
Very High,No,No,65,Yes,No,50.45000076293945,28
Very High,Yes,No,59,Yes,No,50.279998779296875,28
Fairly Low,No,Yes,30,Yes,No,18.520000457763672,28
Very High,Yes,Yes,37,Yes,No,65.62000274658203,26
Average,Yes,Yes,70,Yes,No,56.279998779296875,28
Fairly Low,No,Yes,82,No,No,44.16999816894531,28
Fairly High,Yes,No,35,Yes,No,88.5,18
Fairly Low,No,No,61,Yes,No,62.43000030517578,29
Very High,No,No,57,Yes,No,74.18000030517578,18
Fairly Low,No,Yes,57,No,No,50.58000183105469,30
Average,Yes,No,41,Yes,No,42.41999816894531,9
Fairly High,No,Yes,56,Yes,Yes,48.619998931884766,30
Average,Yes,No,81,Yes,No,60.29999923706055,30
Average,Yes,Yes,35,Yes,No,77.30000305175781,14
Fairly High,Yes,No,55,Yes,No,108.5199966430664,14
Fairly High,Yes,Yes,33,No,No,90.720001220703125,14
Fairly Low,No,Yes,22,No,No,92.5999984741211,14
Average,No,No,24,No,Yes,89.81999969482422,14
Fairly High,No,Yes,78,Yes,No,61.77000045776367,31
Fairly High,Yes,No,47,No,Yes,61.75,9
Average,Yes,No,65,No,No,93.970001220703125,9
Average,Yes,Yes,79,Yes,No,76.18000030517578,9
Average,Yes,Yes,77,Yes,No,51.16999816894531,9
Fairly High,No,Yes,73,Yes,No,60.349998474121094,31
Fairly Low,Yes,Yes,44,Yes,Yes,44.22999954223633,32
Fairly Low,No,Yes,74,Yes,No,60.54999923706055,2
Average,No,Yes,88,Yes,No,58.779998779296875,2
Average,No,Yes,29,No,No,73.4800033569336,2
Average,Yes,Yes,21,Yes,Yes,53.58000183105469,33
Fairly Low,No,Yes,76,Yes,No,53.08000183105469,32
Fairly High,Yes,No,47,Yes,No,61.77000045776367,32
Very Low,No,Yes,53,Yes,No,46.79999923706055,32
Fairly Low,No,No,55,Yes,Yes,44.41999816894531,32
Fairly Low,Yes,Yes,45,No,Yes,59.130001068115234,23
Fairly Low,Yes,Yes,50,Yes,No,44.970001220703125,23
Average,No,No,37,Yes,No,49.04999923706055,23
Very Low,No,Yes,73,No,No,36.41999816894531,23
Very High,Yes,Yes,51,Yes,No,66.8499984741211,33
Average,No,Yes,46,Yes,No,81.8499984741211,33
Fairly Low,No,No,35,Yes,No,75.91999816894531,33
Fairly High,No,Yes,36,Yes,Yes,53.720001220703125,33
Fairly Low,No,No,65,Yes,No,92.75,3
Very High,Yes,No,45,No,No,76.30000305175781,3
Average,No,No,27,Yes,No,54.58000183105469,3
Very High,Yes,Yes,45,No,No,74.529998779296875,3
Average,No,No,32,Yes,Yes,48.970001220703125,5
Fairly Low,Yes,No,67,Yes,No,53.41999816894531,5
Fairly Low,No,Yes,56,Yes,No,47.04999923706055,5
Fairly High,Yes,Yes,42,Yes,No,54.220001220703125,9
Fairly Low,No,No,39,No,No,80.62999725341797,9
Average,Yes,Yes,66,Yes,No,54.849998474121094,9
Very High,Yes,Yes,68,Yes,No,126.47000122070312,11
Very High,Yes,Yes,46,Yes,No,51.72999954223633,11
Fairly High,Yes,No,63,Yes,No,83.62000274658203,9
Average,No,Yes,46,Yes,No,46.5,5
Very High,No,No,40,Yes,No,72.279998779296875,5
Fairly Low,No,Yes,59,Yes,No,47.150001525878906,5
Fairly High,Yes,Yes,41,Yes,No,69.7699966430664,5
Average,No,No,32,Yes,No,72.55000305175781,29
Fairly High,Yes,No,54,Yes,No,70.12000274658203,29
Average,Yes,No,30,Yes,Yes,57.130001068115234,29
Average,No,Yes,62,Yes,No,45.54999923706055,34
Fairly High,Yes,No,53,Yes,No,53.369998931884766,28
Very High,No,Yes,56,Yes,No,53.630001068115234,28
Very High,Yes,Yes,38,Yes,Yes,59.380001068115234,28
Average,No,Yes,70,Yes,No,53.81999969482422,28
Average,Yes,Yes,40,No,No,186.22000122070312,14
Average,Yes,Yes,52,Yes,No,95.5199966430664,9
Fairly High,No,Yes,72,No,No,91.68000030517578,9
Fairly High,Yes,No,31,No,Yes,92.08000183105469,9
Average,No,Yes,37,Yes,No,54.369998931884766,9
Average,Yes,Yes,32,No,No,59.95000076293945,9
Average,Yes,No,36,Yes,No,64.66999816894531,9
Fairly High,Yes,No,47,Yes,No,43.83000183105469,35
Fairly High,No,No,57,Yes,No,60.97999954223633,35
Fairly High,Yes,Yes,32,No,No,59.66999816894531,29
Fairly Low,No,Yes,72,No,No,61.66999816894531,29
Average,No,Yes,61,No,No,62.380001068115234,29
Average,No,No,43,Yes,No,58.52000045776367,29
Very High,Yes,No,70,Yes,No,70.3499984741211,29
Average,No,Yes,54,Yes,No,102.12000274658203,17
Very High,Yes,No,46,No,No,55.29999923706055,17
Fairly Low,No,Yes,66,No,No,72.37999725341797,12
Fairly High,Yes,No,62,Yes,No,61.91999816894531,12
Fairly High,No,No,34,Yes,No,83.75,12
Fairly High,No,Yes,67,Yes,No,79.44999694824219,17
Fairly Low,No,Yes,30,Yes,No,60.880001068115234,10
Fairly Low,No,No,26,No,Yes,53.04999923706055,13
Average,Yes,No,62,Yes,No,70.12000274658203,10
Average,No,No,28,No,No,73.9000015258789,14
Fairly High,Yes,Yes,65,Yes,No,83.06999969482422,14
Average,No,Yes,84,No,No,116.94999694824219,14
Fairly High,Yes,No,35,Yes,Yes,75.3499984741211,14
Fairly Low,No,Yes,51,Yes,Yes,56.43000030517578,33
Fairly High,No,No,31,Yes,No,51.900001525878906,33
Average,No,No,54,No,No,77.19999694824219,33
Average,Yes,No,28,Yes,No,75.33000183105469,30
Fairly Low,No,Yes,82,Yes,No,47.04999923706055,23
Average,No,No,50,Yes,Yes,52.279998779296875,23
Fairly High,No,Yes,75,Yes,No,47.529998779296875,23
Average,No,Yes,90,No,No,214.8800048828125,10
Average,No,Yes,51,No,No,83.0199966430664,10
Average,Yes,Yes,50,Yes,Yes,53.869998931884766,25
Average,No,Yes,42,Yes,No,81.720001220703125,21
Average,No,Yes,55,Yes,No,62.220001220703125,21
Fairly Low,No,No,30,Yes,No,66.529998779296875,21
Fairly High,No,Yes,50,Yes,No,55.849998474121094,25
Average,No,Yes,41,Yes,No,69.7300033569336,23
Fairly Low,Yes,Yes,29,Yes,No,45.369998931884766,23
Fairly High,No,Yes,60,Yes,No,66.7699966430664,26
Average,No,Yes,84,No,No,54.06999969482422,26
Fairly High,No,Yes,59,Yes,No,92.44999694824219,28
Average,No,Yes,42,No,No,50.650001525878906,27
Average,No,No,55,No,No,54.81999969482422,27
Fairly High,Yes,Yes,30,Yes,No,70.81999969482422,4
Very High,No,No,79,Yes,No,169.6999969482422,5
Fairly High,Yes,Yes,59,Yes,No,68.44999694824219,5
Fairly Low,No,No,35,Yes,No,55.150001525878906,23
Fairly Low,No,Yes,24,No,No,47.25,23
Fairly High,No,No,46,Yes,No,47.52000045776367,23
Fairly High,Yes,No,56,Yes,No,50.08000183105469,29
Very High,Yes,No,64,No,No,77.69999694824219,29
Fairly Low,No,No,25,No,No,40.91999816894531,29
Fairly Low,No,Yes,50,Yes,No,54.529998779296875,29
Fairly High,No,No,70,Yes,No,54.470001220703125,29
Fairly Low,No,Yes,66,Yes,No,66.529998779296875,23
Average,No,Yes,53,Yes,No,65.37999725341797,23
Fairly Low,No,No,42,No,No,46.41999816894531,23
Average,No,No,78,Yes,No,60.29999923706055,23
Average,Yes,Yes,40,No,No,49.06999969482422,23
Very High,Yes,Yes,27,Yes,Yes,60.630001068115234,33
Average,No,Yes,89,Yes,No,68.44999694824219,33
Fairly High,No,No,30,No,No,68.69999694824219,23
Fairly High,Yes,Yes,41,Yes,No,42.119998931884766,35
Average,No,Yes,74,Yes,No,87.2699966430664,29
Fairly Low,No,Yes,53,Yes,No,67.81999969482422,30
Average,No,Yes,24,Yes,No,58.22999954223633,29
Fairly High,Yes,No,43,Yes,Yes,74.4800033569336,9
Average,No,No,22,No,No,72.0199966430664,9
Average,Yes,Yes,57,No,No,73.25,9
Average,No,Yes,36,No,No,59.93000030517578,35
Average,No,Yes,44,Yes,No,72.83000183105469,9
Average,No,No,36,Yes,No,45.52000045776367,35
Average,No,Yes,49,No,No,55.220001220703125,35
Fairly High,Yes,Yes,34,Yes,Yes,50.41999816894531,35
Very High,Yes,Yes,34,Yes,No,63.900001525878906,35
Average,No,Yes,51,Yes,No,49.650001525878906,35
Fairly Low,No,Yes,35,Yes,No,43.47999954223633,35
Very Low,No,No,67,No,No,54.779998779296875,35
Very High,Yes,No,57,Yes,No,44.04999923706055,35
Fairly High,Yes,Yes,75,Yes,No,62.93000030517578,4
Average,No,No,24,Yes,No,36.95000076293945,35
Very High,No,No,64,Yes,No,106.0999984741211,13
Very High,No,Yes,38,Yes,No,65.41999816894531,13
Fairly Low,No,Yes,82,No,No,65.41999816894531,13
Average,No,Yes,71,Yes,No,63.349998474121094,35
Fairly High,Yes,No,35,Yes,No,64.62999725341797,9
Fairly High,Yes,No,58,Yes,No,66.12999725341797,9
Fairly Low,No,Yes,27,Yes,No,51.27000045776367,9
Average,No,Yes,43,Yes,No,65.94999694824219,9
Very High,Yes,No,55,Yes,No,72.470001220703125,16
Average,No,Yes,59,Yes,No,73.779998779296875,16
Average,No,Yes,84,No,No,79.69999694824219,30
Very High,No,No,43,Yes,No,55.02000045776367,30
Average,No,Yes,24,Yes,Yes,58.16999816894531,30
Average,No,Yes,43,Yes,No,83.0199966430664,9
Very High,No,No,51,Yes,No,70.44999694824219,8
Fairly High,Yes,No,74,Yes,No,85.25,8
Fairly Low,No,No,18,Yes,No,69.33000183105469,14
Average,Yes,No,40,Yes,No,49.099998474121094,23
Fairly Low,No,No,39,Yes,No,46.70000076293945,23
Fairly Low,No,Yes,45,Yes,No,61.279998779296875,23
Fairly Low,No,Yes,48,Yes,No,43.119998931884766,7
Fairly High,Yes,No,39,Yes,No,68.1500015258789,33
Fairly High,No,Yes,61,Yes,No,81.2300033569336,3
Very High,Yes,Yes,63,Yes,No,81.2300033569336,3
Average,Yes,Yes,58,Yes,No,81.8499984741211,3
Fairly High,Yes,No,31,Yes,No,62.220001220703125,5
Average,No,No,61,Yes,No,78.4000015258789,6
Very High,No,Yes,58,Yes,No,69.31999969482422,36
Very High,Yes,Yes,51,No,No,117,6
Fairly Low,No,Yes,57,Yes,No,61.970001220703125,28
Fairly Low,No,Yes,34,No,No,74.56999969482422,28
Average,No,Yes,74,No,No,102.97000122070312,6
Fairly Low,No,Yes,84,No,No,53.52000045776367,6
Very High,No,Yes,80,Yes,No,54.54999923706055,28
Average,No,Yes,46,Yes,No,55.27000045776367,7
Average,Yes,Yes,82,Yes,No,72.80000305175781,7
Fairly Low,No,Yes,57,No,No,32.099998474121094,34
Average,No,Yes,66,Yes,No,67.87999725341797,32
Fairly High,No,No,82,Yes,No,71.06999969482422,25
Fairly Low,No,Yes,44,Yes,No,69.12999725341797,33
Fairly High,No,No,72,Yes,No,96.029998779296875,33
Fairly High,Yes,Yes,72,Yes,No,87.470001220703125,33
Average,No,Yes,70,Yes,No,94.33000183105469,37
Very High,Yes,Yes,51,Yes,No,79.220001220703125,32
Average,Yes,No,26,No,No,53.02000045776367,32
Fairly High,No,Yes,33,No,No,72,32
Average,Yes,Yes,32,Yes,No,44.400001525878906,32
Fairly High,Yes,Yes,NA,Yes,No,118.05000305175781,21
Average,No,Yes,58,No,No,61.349998474121094,21
Average,Yes,Yes,37,No,Yes,64.4000015258789,33
Very High,Yes,Yes,55,Yes,No,77.56999969482422,33
Very High,Yes,No,54,Yes,No,109.30000305175781,33
Very High,No,No,22,Yes,Yes,94.2300033569336,11
Fairly High,Yes,No,49,No,No,61.349998474121094,11
Fairly Low,No,Yes,32,Yes,No,52.970001220703125,11
Very High,No,No,63,Yes,No,70.06999969482422,11
Very Low,No,No,63,Yes,No,48.47999954223633,29
Average,No,Yes,72,No,No,56.02000045776367,29
Average,Yes,No,49,Yes,No,53.400001525878906,29
Average,No,No,51,No,No,71.69999694824219,29
Average,No,Yes,24,No,No,81.970001220703125,14
Very High,Yes,Yes,33,No,No,38.58000183105469,38
Fairly Low,No,No,20,Yes,No,65.12999725341797,39
Fairly High,Yes,Yes,53,Yes,No,67.9800033569336,39
Fairly Low,Yes,No,49,Yes,No,69.6500015258789,39
Fairly Low,No,No,52,No,No,73.470001220703125,40
Fairly High,Yes,No,41,Yes,No,93.9000015258789,40
Very High,Yes,No,54,Yes,Yes,71,40
Very High,No,Yes,26,No,No,43.22999954223633,38
Fairly Low,No,No,59,Yes,No,71.43000030517578,41
Fairly High,Yes,Yes,70,Yes,No,83.41999816894531,42
Fairly High,Yes,No,43,Yes,No,57.880001068115234,42
Fairly High,Yes,No,51,Yes,No,52.33000183105469,42
Average,No,Yes,25,No,No,66.720001220703125,43
Average,No,No,41,Yes,No,64.2300033569336,43
Very High,No,No,22,Yes,No,41.91999816894531,38
Average,Yes,Yes,39,No,No,58.599998474121094,44
Fairly High,No,No,82,Yes,No,66.33000183105469,44
Fairly Low,No,Yes,48,Yes,No,49.119998931884766,45
Average,No,No,48,Yes,No,87.19999694824219,46
Fairly Low,No,No,65,Yes,No,59.970001220703125,46
Average,Yes,Yes,46,No,No,46.599998474121094,46
Average,No,No,58,Yes,No,54.52000045776367,46
Fairly High,Yes,No,37,Yes,No,44.22999954223633,47
Fairly Low,No,Yes,61,Yes,No,69.720001220703125,47
Average,Yes,Yes,23,Yes,Yes,52.369998931884766,47
Fairly Low,No,Yes,69,Yes,No,67.8499984741211,39
Average,No,Yes,58,No,No,94.58000183105469,48
Fairly High,No,Yes,18,Yes,No,69.8499984741211,49
Fairly High,Yes,Yes,79,Yes,No,66.4800033569336,50
Fairly Low,No,Yes,64,No,No,124.8499984741211,49
Average,No,Yes,75,Yes,No,76.779998779296875,51
Very High,Yes,Yes,34,No,No,64.18000030517578,52
Average,No,Yes,41,No,Yes,55.83000183105469,52
Average,Yes,Yes,25,No,No,58.18000030517578,52
Fairly High,Yes,Yes,27,No,No,55.779998779296875,1
Fairly Low,No,Yes,75,No,No,69.93000030517578,1
Fairly High,Yes,No,33,Yes,No,57.20000076293945,1
Fairly High,No,Yes,42,No,No,82.94999694824219,44
Very High,Yes,No,39,Yes,No,58.22999954223633,44
Very High,Yes,No,56,Yes,No,64.08000183105469,44
Fairly High,Yes,Yes,28,Yes,No,54.77000045776367,50
Fairly High,No,No,60,Yes,No,49.58000183105469,50
Fairly Low,Yes,Yes,34,Yes,No,50.97999954223633,50
Average,No,No,74,Yes,No,74.66999816894531,53
Average,No,No,47,No,No,58.380001068115234,53
Fairly Low,Yes,Yes,36,No,No,55.75,51
Very Low,No,Yes,25,No,No,63.91999816894531,51
Average,Yes,Yes,36,No,No,84.2300033569336,51
Fairly High,No,No,41,Yes,No,57.81999969482422,51
Fairly Low,No,Yes,24,No,No,49.33000183105469,51
Average,Yes,Yes,52,Yes,No,75.470001220703125,51
Fairly High,Yes,No,71,No,No,83,54
Fairly Low,No,Yes,63,No,No,73.0199966430664,54
Average,Yes,Yes,49,Yes,No,71.1500015258789,54
Very High,No,Yes,21,No,Yes,72.83000183105469,55
Fairly Low,No,Yes,20,No,No,64.58000183105469,55
Fairly Low,No,No,69,Yes,No,49.279998779296875,56
Very High,Yes,Yes,55,Yes,No,91.43000030517578,56
Very High,Yes,No,58,Yes,No,80.30000305175781,56
Fairly High,No,Yes,69,Yes,No,74.529998779296875,56
Fairly Low,No,Yes,60,Yes,No,50.970001220703125,56
Very High,No,Yes,65,Yes,No,58.97999954223633,57
Fairly Low,No,Yes,31,Yes,No,99.2300033569336,58
Fairly Low,No,No,43,Yes,No,88.25,58
Fairly High,No,Yes,47,Yes,Yes,112.56999969482422,58
Average,No,Yes,75,Yes,No,144.9199981689453,58
Average,No,Yes,26,No,No,47.91999816894531,59
Average,No,No,44,Yes,No,36.880001068115234,59
Fairly Low,No,No,51,Yes,No,47.349998474121094,59
Fairly High,No,Yes,83,Yes,No,59.31999969482422,59
Very High,Yes,No,43,Yes,Yes,68.87000274658203,59
Very High,No,Yes,47,Yes,No,51.33000183105469,59
Average,No,No,81,Yes,No,70.18000030517578,60
Very Low,No,Yes,76,Yes,No,57.33000183105469,60
Fairly High,Yes,Yes,26,Yes,No,106.37000274658203,60
Average,Yes,No,73,Yes,No,69.529998779296875,61
Very High,Yes,No,59,Yes,No,67.3499984741211,59
Average,Yes,Yes,62,No,No,53.33000183105469,62
Average,No,Yes,56,No,No,73.9000015258789,54
Average,Yes,Yes,41,No,No,55.900001525878906,54
Fairly High,No,Yes,68,No,No,82.2300033569336,63
Fairly Low,No,Yes,22,No,No,63.119998931884766,63
Fairly Low,No,No,23,No,No,57.04999923706055,62
Fairly Low,No,Yes,40,No,No,61.54999923706055,50
Fairly High,No,Yes,63,Yes,No,78.30000305175781,64
Very Low,No,Yes,61,No,No,66.87000274658203,65
Average,No,No,41,No,No,62.54999923706055,1
Fairly High,Yes,No,34,Yes,No,50.29999923706055,66
Fairly High,Yes,No,34,Yes,No,57.27000045776367,66
Fairly Low,Yes,Yes,40,Yes,Yes,52.470001220703125,61
Very High,Yes,Yes,30,Yes,No,70.029998779296875,61
Fairly High,Yes,Yes,68,Yes,No,67.9800033569336,61
Fairly High,No,No,32,No,No,93.56999969482422,39
Fairly Low,Yes,No,39,No,No,58.380001068115234,39
Fairly Low,No,Yes,51,Yes,No,85.08000183105469,39
Fairly Low,Yes,Yes,34,Yes,No,54.08000183105469,39
Average,No,No,45,Yes,No,67.529998779296875,39
Fairly High,No,No,64,Yes,No,73.69999694824219,55
Average,No,Yes,75,Yes,No,105.3499984741211,55
Fairly Low,No,No,76,Yes,No,87.66999816894531,55
Average,No,No,39,Yes,No,60.849998474121094,44
Average,Yes,Yes,32,Yes,No,62.95000076293945,44
Fairly Low,No,Yes,28,No,No,68.87999725341797,55
Fairly High,No,Yes,62,Yes,No,102.62999725341797,67
Fairly High,Yes,No,24,No,Yes,117.0999984741211,67
Fairly High,No,Yes,68,No,No,75.470001220703125,45
Average,No,No,63,Yes,No,57.72999954223633,68
Very Low,No,No,40,Yes,No,56.79999923706055,68
Fairly Low,No,No,45,No,No,62.93000030517578,44
Very Low,No,Yes,59,Yes,No,63.099998474121094,44
Average,Yes,Yes,40,Yes,No,74.62000274658203,69
Fairly High,Yes,No,52,Yes,Yes,82.75,69
Average,No,No,72,Yes,No,87.0999984741211,69
Very High,Yes,Yes,59,Yes,No,99.5199966430664,69
Very High,Yes,No,32,No,No,37.79999923706055,70
Average,Yes,Yes,57,Yes,No,89.1500015258789,71
Fairly Low,No,No,32,Yes,No,66.2699966430664,44
Fairly High,No,Yes,23,No,No,60.47999954223633,72
Very High,No,Yes,63,Yes,No,93.720001220703125,72
Very High,Yes,Yes,32,Yes,No,73.18000030517578,72
Average,No,Yes,68,Yes,No,72.5,67
Average,No,No,65,Yes,Yes,81.80000305175781,67
Fairly Low,No,Yes,78,Yes,No,67.56999969482422,67
Average,No,No,52,Yes,No,62.349998474121094,51
Fairly High,No,Yes,57,Yes,Yes,52.349998474121094,51
Average,No,Yes,72,Yes,No,106.37000274658203,55
Very High,Yes,No,23,No,No,73.56999969482422,55
Average,No,Yes,34,No,No,38.22999954223633,73
Average,No,Yes,23,No,No,40.02000045776367,73
Fairly High,Yes,No,42,Yes,Yes,44.91999816894531,73
Average,Yes,Yes,46,Yes,No,67.69999694824219,73
Very Low,No,No,23,No,No,76.56999969482422,74
Very High,Yes,No,35,No,No,56.93000030517578,74
Fairly Low,No,Yes,77,Yes,No,72.279998779296875,61
Average,No,Yes,36,No,No,66.87999725341797,61
Average,Yes,Yes,58,Yes,No,76,61
Average,No,Yes,69,Yes,No,94.529998779296875,71
Average,Yes,Yes,47,Yes,Yes,60.81999969482422,46
Average,No,No,51,Yes,No,76.12000274658203,46
Average,Yes,Yes,43,Yes,No,50.75,46
Average,No,Yes,21,No,No,84.7699966430664,75
Average,No,Yes,43,Yes,No,206.6699981689453,75
Average,No,Yes,26,No,No,56.66999816894531,75
Fairly Low,No,No,27,No,Yes,67.93000030517578,67
Fairly Low,No,Yes,35,No,No,87.4000015258789,48
Fairly High,Yes,No,52,No,Yes,81.1500015258789,48
Fairly Low,Yes,Yes,42,No,No,69.58000183105469,48
Fairly High,Yes,Yes,26,Yes,Yes,59.369998931884766,63
Fairly Low,No,No,30,Yes,No,88.5999984741211,63
Average,No,Yes,41,No,Yes,51.470001220703125,29
Fairly High,Yes,Yes,36,Yes,No,52.54999923706055,40
Very High,Yes,Yes,70,Yes,No,73.08000183105469,76
Fairly High,No,No,31,No,No,83.41999816894531,39
Fairly High,No,Yes,65,Yes,No,83.470001220703125,1
Fairly High,No,No,40,Yes,No,70.0199966430664,77
Fairly Low,No,Yes,50,Yes,Yes,60.380001068115234,47
Very Low,No,Yes,23,Yes,No,54.470001220703125,78
Very Low,No,No,43,No,No,58.25,47
Very High,Yes,Yes,56,Yes,No,56.27000045776367,79
Average,No,No,58,Yes,No,55.31999969482422,79
Average,No,Yes,46,Yes,No,56.29999923706055,79
Average,No,No,41,No,No,143.5,67
Fairly Low,Yes,No,89,Yes,No,79.529998779296875,48
Average,No,No,32,No,No,66.56999969482422,48
Fairly Low,Yes,Yes,63,No,No,79.279998779296875,48
Fairly Low,No,Yes,25,No,No,58.029998779296875,72
Average,Yes,Yes,65,No,No,100.47000122070312,67
Average,Yes,Yes,42,No,No,41.970001220703125,40
Average,No,No,27,No,No,61.150001525878906,40
Very Low,No,Yes,44,No,No,90,40
Average,Yes,No,40,Yes,Yes,55.58000183105469,80
Fairly High,No,Yes,75,Yes,No,68.55000305175781,80
Fairly Low,Yes,No,39,Yes,Yes,60.56999969482422,41
Average,No,No,67,Yes,No,53.54999923706055,41
Fairly High,Yes,Yes,34,No,No,56.08000183105469,54
Average,Yes,No,85,No,No,55.779998779296875,54
Average,No,Yes,58,No,No,62.720001220703125,52
Average,Yes,No,33,No,Yes,50.93000030517578,52
Very High,Yes,No,39,Yes,No,137.27000427246094,52
Fairly High,No,No,63,Yes,No,66.5199966430664,56
Average,Yes,No,25,No,No,55.66999816894531,54
Average,Yes,Yes,56,Yes,No,71.25,54
Average,Yes,Yes,32,No,No,72.25,54
Very Low,No,No,67,No,No,72.75,54
Average,Yes,No,40,Yes,No,70.06999969482422,1
Fairly Low,No,Yes,33,Yes,No,42.029998779296875,76
Fairly High,No,No,40,No,No,111.94999694824219,76
Fairly High,Yes,No,73,Yes,No,158.97999572753906,76
Average,No,Yes,35,No,Yes,82.31999969482422,76
Fairly High,Yes,No,73,Yes,No,106.33000183105469,76
Fairly High,No,Yes,61,Yes,No,65.7699966430664,76
Fairly Low,No,No,28,No,No,55.52000045776367,76
Average,No,Yes,50,Yes,No,165.8300018310547,76
Very High,Yes,Yes,42,No,No,142.67999267578125,76
Very High,Yes,No,43,Yes,No,68.68000030517578,80
Very High,Yes,No,55,Yes,No,91.7699966430664,67
Fairly High,Yes,Yes,36,Yes,Yes,77.33000183105469,81
Fairly High,Yes,Yes,30,Yes,No,55.22999954223633,81
Very Low,No,Yes,75,Yes,No,100.8499984741211,43
Average,No,No,71,Yes,No,90.1500015258789,81
Very High,Yes,Yes,38,Yes,No,68.43000030517578,81
Fairly High,Yes,Yes,44,Yes,No,100.05000305175781,81
Very High,Yes,Yes,54,Yes,No,167.02000427246094,57
Fairly Low,No,Yes,89,Yes,No,98.62000274658203,57
Fairly Low,No,Yes,82,Yes,No,22.030000686645508,57
Fairly Low,No,Yes,24,No,No,113.19999694824219,43
Average,No,Yes,19,Yes,No,86.66999816894531,43
Very High,Yes,No,49,Yes,No,73.37999725341797,43
Average,No,Yes,50,Yes,No,62.720001220703125,60
Fairly High,Yes,Yes,48,Yes,No,89.83000183105469,60
Fairly Low,No,No,29,No,No,56,60
Fairly High,Yes,Yes,51,No,No,88.279998779296875,60
Fairly High,Yes,No,37,No,No,108.02999877929688,82
Fairly High,No,Yes,21,No,No,67.18000030517578,82
Very High,Yes,No,56,Yes,No,124.37000274658203,82
Average,No,Yes,53,Yes,No,92.16999816894531,82
Fairly High,Yes,No,50,Yes,Yes,72.55000305175781,83
Fairly Low,No,Yes,39,Yes,No,77.56999969482422,1
Very Low,No,No,41,No,No,75.1500015258789,83
Fairly High,No,Yes,21,Yes,No,48.529998779296875,83
Fairly Low,No,Yes,21,No,No,52.630001068115234,33
Average,No,Yes,20,No,No,63.650001525878906,60
Average,No,No,36,No,No,44.45000076293945,60
Fairly High,No,Yes,54,Yes,No,124.37000274658203,60
Very High,Yes,Yes,57,Yes,No,112.75,60
Very Low,No,Yes,46,No,No,67,1
Very High,Yes,Yes,46,Yes,No,58.5,84
Very High,Yes,No,28,No,No,70.16999816894531,53
Fairly High,No,No,36,Yes,No,74.06999969482422,85
Fairly High,No,Yes,40,Yes,No,59.849998474121094,85
Very High,No,No,53,Yes,No,57.25,53
Very Low,No,No,19,Yes,No,46.349998474121094,86
Fairly Low,No,Yes,18,No,No,46.029998779296875,86
Very Low,No,No,38,Yes,No,45.08000183105469,86
Very Low,No,Yes,20,No,No,58.70000076293945,86
Very High,No,Yes,31,Yes,No,49.47999954223633,65
Very High,Yes,No,81,Yes,No,62.77000045776367,65
Very High,Yes,No,30,No,Yes,92.0999984741211,65
Average,Yes,Yes,80,Yes,No,91.029998779296875,21
Average,Yes,Yes,52,Yes,No,58.54999923706055,61
Average,No,No,41,No,No,50.54999923706055,61
Very High,Yes,No,49,Yes,No,81.6500015258789,61
Average,No,Yes,49,Yes,No,68.81999969482422,47
Fairly Low,No,Yes,21,No,No,59.72999954223633,72
Average,No,Yes,57,Yes,No,82.470001220703125,43
Fairly Low,No,Yes,39,No,No,103.9800033569336,43
Very Low,No,Yes,36,No,No,66.220001220703125,43
Very High,No,Yes,44,Yes,No,59.41999816894531,43
Fairly Low,No,Yes,26,No,No,93.7300033569336,43
Average,No,No,22,No,No,44.029998779296875,7
Average,No,Yes,79,Yes,No,51.279998779296875,7
Average,No,No,66,Yes,No,89.37999725341797,84
Very High,No,No,88,No,No,100.30000305175781,84
Fairly Low,No,Yes,38,Yes,No,62.029998779296875,84
Fairly High,No,Yes,25,Yes,No,47.06999969482422,7
Average,No,Yes,82,Yes,No,58.380001068115234,7
NA,No,Yes,65,No,No,NA,7
Average,No,No,27,No,No,39.529998779296875,7
Fairly Low,No,Yes,33,No,No,50.16999816894531,68
Fairly High,No,Yes,60,No,No,92.3499984741211,68
Very High,Yes,No,52,No,No,60.970001220703125,68
Average,Yes,No,24,Yes,Yes,56.45000076293945,53
Fairly High,No,No,76,Yes,No,129.0800018310547,53
Very High,Yes,No,65,Yes,No,110.0999984741211,53
Average,Yes,No,46,Yes,Yes,42.970001220703125,34
Very Low,No,No,73,Yes,No,71.279998779296875,53
Very Low,No,No,40,Yes,No,75.470001220703125,60
Fairly Low,No,Yes,56,Yes,No,49.369998931884766,7
Fairly Low,Yes,Yes,31,Yes,Yes,44.95000076293945,7
Fairly High,Yes,No,43,Yes,Yes,57.650001525878906,52
Average,No,No,77,Yes,No,92.2300033569336,52
Very High,Yes,No,66,Yes,No,129.17999267578125,52
Average,No,Yes,51,No,No,74.529998779296875,21
Very High,Yes,Yes,35,Yes,No,92.44999694824219,20
Fairly Low,No,No,70,Yes,No,74.5999984741211,20
Average,No,Yes,28,No,No,62.06999969482422,20
Average,No,Yes,33,Yes,No,53.630001068115234,20
Fairly High,No,Yes,52,No,No,61.29999923706055,25
Fairly High,Yes,No,47,No,Yes,69.279998779296875,24
Very High,Yes,No,67,Yes,No,57.900001525878906,24
Fairly High,No,Yes,24,No,No,89.87000274658203,24
Average,Yes,Yes,32,Yes,No,58.650001525878906,2
Fairly High,No,Yes,46,Yes,No,42.16999816894531,2
Fairly Low,Yes,Yes,34,Yes,No,36.72999954223633,32
Fairly Low,Yes,Yes,56,Yes,No,41.27000045776367,32
Fairly High,Yes,Yes,47,Yes,Yes,54.47999954223633,21
Very High,Yes,No,53,Yes,No,68,21
Average,Yes,Yes,59,Yes,No,67.12999725341797,34
Very High,Yes,Yes,48,Yes,Yes,77.16999816894531,6
Very High,Yes,Yes,43,Yes,No,52.97999954223633,6
Average,Yes,Yes,29,Yes,No,80.470001220703125,6
Very High,Yes,No,56,Yes,No,65.80000305175781,34
Fairly High,No,No,67,No,No,51.029998779296875,25
Average,No,Yes,70,No,No,57.119998931884766,25
Fairly High,Yes,No,46,No,No,44.720001220703125,25
Average,Yes,No,65,Yes,No,130.17999267578125,21
Fairly High,No,Yes,62,Yes,No,54.529998779296875,25
Very High,No,Yes,35,No,No,65.9800033569336,25
Fairly High,Yes,Yes,56,Yes,Yes,57.95000076293945,25
Very High,No,No,45,Yes,No,70.6500015258789,2
Very High,Yes,No,50,Yes,No,56.099998474121094,6
Very Low,No,Yes,53,Yes,No,55.619998931884766,87
Very High,Yes,Yes,53,Yes,No,111.19999694824219,87
Average,No,No,43,No,No,77.2300033569336,3
Fairly Low,No,Yes,56,Yes,No,71.529998779296875,3
Average,No,No,26,No,No,93,3
Fairly Low,No,Yes,33,Yes,No,59.5,3
Fairly High,No,Yes,32,Yes,No,68.779998779296875,3
Very High,No,No,54,Yes,No,82.029998779296875,3
Very High,No,Yes,67,Yes,No,69.720001220703125,7
Very High,No,No,49,Yes,No,85.5199966430664,27
Very High,Yes,No,55,Yes,No,57.08000183105469,27
Very High,Yes,No,25,No,Yes,54.849998474121094,27
Very Low,No,Yes,42,No,Yes,63.900001525878906,87
Fairly High,Yes,Yes,23,Yes,No,53.880001068115234,87
Fairly High,No,Yes,59,Yes,No,84.5199966430664,87
Average,No,Yes,75,Yes,No,90.37000274658203,87
Fairly High,No,Yes,79,Yes,No,139.5500030517578,3
Very High,No,No,36,No,No,88.779998779296875,87
Average,No,Yes,55,Yes,No,46.70000076293945,87
Very Low,Yes,No,23,Yes,No,41.33000183105469,87
Very Low,Yes,Yes,25,Yes,No,47.650001525878906,87
Average,No,Yes,43,Yes,No,64.30000305175781,87
Fairly Low,No,Yes,44,Yes,Yes,73.2300033569336,87
Fairly Low,No,Yes,84,No,No,60.54999923706055,38
Fairly High,Yes,No,38,Yes,No,74.1500015258789,5
Very Low,No,Yes,71,Yes,No,91.5999984741211,28
Fairly High,No,No,82,Yes,No,84.5999984741211,7
Average,Yes,No,37,Yes,Yes,99.75,4
Very High,Yes,No,83,Yes,No,96.4800033569336,6
Very High,Yes,Yes,57,Yes,No,34.380001068115234,28
Fairly Low,No,Yes,40,No,No,51.849998474121094,28
Very High,Yes,Yes,54,Yes,No,72.69999694824219,28
Very High,No,No,69,Yes,No,75.56999969482422,38
Fairly High,No,Yes,56,Yes,No,63.79999923706055,21
Average,No,No,41,Yes,No,56.369998931884766,9
Fairly High,No,Yes,21,Yes,No,49.02000045776367,9
Average,Yes,Yes,NA,Yes,No,86.58000183105469,9
Very High,No,No,30,No,No,58.58000183105469,63
Fairly Low,No,Yes,19,No,No,43,5
Very Low,No,Yes,53,No,No,53.869998931884766,88
Very High,Yes,No,36,Yes,Yes,59.900001525878906,88
Average,No,Yes,34,No,No,66.25,88
Very Low,No,Yes,37,No,No,53.47999954223633,88
Fairly High,Yes,No,56,Yes,Yes,58.08000183105469,88
Average,No,Yes,48,Yes,No,74.81999969482422,51
Fairly Low,No,Yes,60,Yes,Yes,64.25,51
Fairly High,Yes,Yes,35,Yes,No,59.47999954223633,53
Average,No,Yes,57,Yes,No,127.0199966430664,67
Very High,Yes,No,25,Yes,No,57.869998931884766,7
Average,No,No,41,No,No,62.279998779296875,7
Fairly Low,No,Yes,62,No,No,138.3800048828125,14
Fairly High,Yes,No,38,Yes,No,66.9800033569336,14
Average,No,No,27,Yes,No,154.3699951171875,14
Average,No,Yes,36,Yes,No,65.81999969482422,55
Fairly High,Yes,No,64,Yes,No,47.369998931884766,45
Average,Yes,Yes,56,Yes,No,70.0199966430664,45
Average,Yes,Yes,41,Yes,No,54.41999816894531,45
Very High,Yes,No,35,Yes,No,58.95000076293945,32
Average,Yes,Yes,42,Yes,Yes,56.529998779296875,32
Average,No,Yes,48,Yes,No,45.150001525878906,32
Fairly Low,No,Yes,44,Yes,No,46.529998779296875,32
Very High,No,No,38,Yes,Yes,198.25,89
Fairly High,No,Yes,59,Yes,No,98.5,89
Average,No,Yes,80,Yes,No,124.2699966430664,89
Fairly High,Yes,Yes,50,No,No,88.2300033569336,89
Fairly High,No,No,63,Yes,No,118.22000122070312,89
Average,No,Yes,47,Yes,Yes,62.279998779296875,89
Very High,No,No,42,Yes,No,50.79999923706055,89
Average,No,Yes,18,No,No,68,89
Fairly High,No,No,88,Yes,No,57.900001525878906,45
Fairly High,No,No,63,Yes,No,69.529998779296875,39
Very High,No,No,34,Yes,No,62.5,57
NA,No,Yes,31,No,No,NA,43
Very High,Yes,No,47,Yes,No,65.94999694824219,43
Fairly High,Yes,Yes,66,Yes,No,142.07000732421875,90
Very High,Yes,No,42,Yes,Yes,60.130001068115234,90
Fairly Low,No,Yes,27,No,No,42.06999969482422,90
Very High,No,Yes,34,No,No,47.119998931884766,91
Fairly Low,No,No,37,No,No,39.45000076293945,91
Very High,Yes,Yes,43,No,No,55.75,91
Very High,Yes,No,69,No,Yes,65.37999725341797,91
Very High,Yes,Yes,76,No,No,67.970001220703125,91
Very High,Yes,No,60,Yes,No,89.19999694824219,91
Very High,Yes,No,45,Yes,No,84.94999694824219,92
Average,No,No,73,Yes,Yes,71.4000015258789,92
Very High,No,No,46,No,No,121.5,16
Fairly Low,Yes,Yes,85,Yes,No,83.220001220703125,92
Average,No,Yes,34,No,No,65.94999694824219,92
Very Low,No,Yes,36,Yes,No,60.470001220703125,92
Fairly Low,No,No,29,No,No,72.19999694824219,92
Fairly High,No,No,82,Yes,No,66.5999984741211,92
Average,No,No,68,Yes,No,58.04999923706055,92
Average,Yes,No,27,No,No,57.95000076293945,92
Very High,No,No,58,Yes,No,69.75,83
Fairly High,No,Yes,49,Yes,No,112.7300033569336,83
Very High,Yes,No,33,Yes,No,47.27000045776367,83
Average,No,Yes,71,No,No,100.58000183105469,39
Average,No,Yes,65,No,No,90.68000030517578,39
Fairly Low,Yes,Yes,48,Yes,Yes,80.93000030517578,39
Average,No,Yes,20,No,No,55.720001220703125,39
Fairly Low,No,No,42,Yes,No,66.12999725341797,93
Very High,No,No,31,No,No,65,93
Fairly High,No,Yes,65,Yes,No,62.5,80
Average,Yes,No,38,Yes,No,51.20000076293945,80
Fairly High,Yes,No,72,Yes,No,95.56999969482422,80
Average,No,Yes,31,Yes,No,41.349998474121094,38
Fairly High,No,No,49,Yes,No,85.37000274658203,7
Fairly High,Yes,No,83,Yes,No,73.7699966430664,83
Average,Yes,Yes,55,Yes,Yes,87.55000305175781,41
Average,No,Yes,67,Yes,No,69.0199966430664,41
Fairly Low,Yes,Yes,23,Yes,No,57.22999954223633,41
Fairly Low,No,Yes,31,Yes,No,51.619998931884766,48
Average,No,No,49,Yes,No,104.91999816894531,48
Fairly Low,No,No,20,No,Yes,45.130001068115234,48
Average,No,No,79,Yes,No,68.779998779296875,48
Average,Yes,No,49,Yes,No,152.3699951171875,46
Average,No,No,37,Yes,No,60.04999923706055,46
Fairly Low,No,Yes,45,Yes,No,61.43000030517578,77
Fairly High,Yes,No,42,Yes,Yes,96.56999969482422,77
Fairly Low,No,No,53,Yes,No,60.68000030517578,88
Average,No,No,61,No,No,63.29999923706055,88
Fairly High,No,No,36,Yes,No,115.93000030517578,88
Average,No,Yes,28,Yes,No,51.22999954223633,53
Fairly High,No,No,28,No,No,55.45000076293945,63
Very High,Yes,No,26,No,No,56.81999969482422,63
Average,No,Yes,77,No,No,103.4000015258789,61
Very High,No,Yes,63,No,No,86.7699966430664,61
Fairly Low,No,No,59,No,No,52.31999969482422,50
Average,No,Yes,58,Yes,No,50.04999923706055,50
Average,No,Yes,19,Yes,No,66.5199966430664,50
Very Low,No,Yes,81,Yes,No,38.41999816894531,50
Fairly High,Yes,Yes,47,Yes,No,74.5,50
Very High,No,Yes,64,No,No,83.720001220703125,50
Fairly Low,No,Yes,22,Yes,No,40.970001220703125,50
Average,Yes,Yes,49,Yes,No,70.529998779296875,41
Fairly High,Yes,Yes,80,No,No,60.220001220703125,41
Average,No,Yes,70,Yes,No,61.06999969482422,41
Fairly High,Yes,No,53,Yes,No,76.4000015258789,46
Fairly Low,No,Yes,21,Yes,No,50.18000030517578,66
Average,No,No,74,No,No,69.279998779296875,66
Average,Yes,Yes,60,No,No,60.75,66
Average,No,No,40,Yes,No,64.56999969482422,39
Fairly High,No,No,57,Yes,No,68.31999969482422,39
Fairly High,Yes,No,31,Yes,No,59.70000076293945,1
Average,No,No,75,No,No,60.29999923706055,1
Fairly Low,No,No,64,No,No,89.66999816894531,70
Very High,Yes,No,47,Yes,No,61.130001068115234,70
Fairly High,No,No,55,Yes,No,68.220001220703125,70
Very High,No,No,55,Yes,No,79.2699966430664,38
Fairly Low,No,Yes,20,Yes,No,69.94999694824219,50
Fairly High,Yes,No,54,No,No,66.279998779296875,50
Average,Yes,No,39,Yes,No,58.04999923706055,64
Fairly Low,No,No,63,No,No,94.25,64
Fairly High,Yes,Yes,54,Yes,No,85.30000305175781,64
Average,No,Yes,88,Yes,No,67.8499984741211,49
Fairly High,No,No,93,Yes,No,49.75,49
Very Low,No,Yes,38,No,No,65,94
Very Low,No,Yes,56,No,No,90.93000030517578,94
Very High,Yes,No,49,Yes,Yes,88.87000274658203,94
Fairly High,Yes,Yes,23,Yes,No,73.9800033569336,94
Fairly Low,No,Yes,19,No,No,63.970001220703125,95
Fairly Low,No,Yes,33,No,Yes,62,95
Fairly Low,No,No,18,No,No,34.91999816894531,95
Average,No,No,64,No,No,59.72999954223633,95
Average,Yes,Yes,39,Yes,No,99.93000030517578,52
Fairly High,No,No,27,No,No,79.18000030517578,1
Average,No,Yes,68,Yes,No,51.04999923706055,1
Fairly Low,No,Yes,58,Yes,No,62.06999969482422,1
Average,No,Yes,43,Yes,No,44.220001220703125,96
Average,No,No,44,Yes,No,49.52000045776367,96
Average,No,Yes,40,Yes,No,52.099998474121094,96
Average,No,Yes,52,Yes,No,53.47999954223633,96
Average,No,Yes,39,Yes,No,75.56999969482422,45
Average,Yes,Yes,56,Yes,No,23.399999618530273,45
Very Low,No,No,29,No,No,64.31999969482422,45
Fairly Low,No,Yes,45,Yes,No,99.33000183105469,45
Average,No,Yes,40,No,No,61.529998779296875,86
Average,Yes,Yes,26,No,Yes,54.619998931884766,86
Very Low,No,No,21,No,No,77.41999816894531,86
Average,Yes,No,75,Yes,No,65.81999969482422,86
Average,Yes,Yes,34,No,No,59.279998779296875,97
Average,No,Yes,44,Yes,No,75.55000305175781,88
Very Low,No,Yes,19,No,No,67.5,88
Fairly Low,No,Yes,75,Yes,No,92.7699966430664,64
Very High,Yes,No,39,Yes,No,51.400001525878906,98
Fairly High,Yes,No,79,Yes,No,64.2300033569336,98
Average,No,Yes,63,Yes,No,73.5999984741211,98
Average,Yes,Yes,40,Yes,No,59.70000076293945,98
Average,No,No,52,No,No,63.630001068115234,75
Very Low,No,Yes,38,Yes,No,64.19999694824219,75
Fairly High,No,No,76,Yes,No,71.83000183105469,70
Average,No,Yes,76,Yes,No,85.029998779296875,70
Average,No,Yes,66,Yes,No,125.37999725341797,70
Average,No,No,35,No,Yes,98.31999969482422,70
Average,Yes,Yes,81,Yes,No,84.56999969482422,88
Fairly Low,Yes,Yes,24,No,No,47.58000183105469,72
Fairly Low,No,No,21,No,No,54.27000045776367,72
Average,No,Yes,75,Yes,No,74.529998779296875,47
Average,No,Yes,70,Yes,No,70.7699966430664,47
Fairly Low,No,Yes,57,Yes,No,83.2300033569336,47
Fairly High,No,Yes,74,Yes,No,80.83000183105469,68
Very Low,No,Yes,78,Yes,No,41.58000183105469,68
Average,Yes,Yes,47,Yes,No,70.87000274658203,68
Fairly Low,No,Yes,45,No,No,59.06999969482422,41
Average,No,Yes,61,Yes,No,54.79999923706055,41
Average,No,Yes,47,No,No,66.41999816894531,41
Very Low,No,No,32,No,No,57.97999954223633,41
Very Low,No,Yes,31,No,No,57.630001068115234,94
Fairly Low,No,No,62,Yes,No,71.8499984741211,53
Fairly High,No,Yes,34,Yes,No,55.66999816894531,53
Average,No,Yes,83,Yes,No,58.93000030517578,53
Average,Yes,No,28,No,No,52.380001068115234,54
Very High,Yes,No,45,Yes,No,56.849998474121094,45
Average,Yes,Yes,47,Yes,No,65.58000183105469,45
Fairly Low,No,No,40,Yes,No,79.83000183105469,45
Very Low,No,Yes,29,No,No,71.93000030517578,94
Fairly Low,No,Yes,58,Yes,No,91.9000015258789,58
Very High,Yes,Yes,37,Yes,No,78.279998779296875,58
Average,No,No,33,Yes,No,82.87000274658203,58
Very Low,No,No,20,Yes,No,55.029998779296875,58
Average,Yes,Yes,40,Yes,No,114.33000183105469,58
Fairly High,Yes,No,38,Yes,No,60.70000076293945,96
Fairly High,No,No,50,Yes,No,37.720001220703125,96
Average,Yes,Yes,37,No,Yes,65.2300033569336,53
Fairly Low,No,Yes,55,No,No,65.68000030517578,53
Average,No,No,58,Yes,Yes,65.83000183105469,53
Average,No,Yes,85,Yes,No,75.44999694824219,1
Fairly High,No,Yes,76,No,No,74.720001220703125,1
Very High,Yes,Yes,36,Yes,No,59.91999816894531,1
Fairly High,Yes,Yes,69,Yes,No,57.97999954223633,1
Fairly High,No,No,45,Yes,No,76.0999984741211,53
Fairly Low,No,No,77,Yes,No,105.93000030517578,53
Fairly High,Yes,No,48,Yes,No,53.43000030517578,66
Average,No,Yes,20,Yes,Yes,51.83000183105469,66
Fairly High,Yes,No,39,Yes,No,56.849998474121094,66
Average,No,Yes,49,No,No,56.18000030517578,66
Fairly Low,No,Yes,55,No,No,59.70000076293945,66
Fairly High,No,Yes,50,Yes,No,62.279998779296875,66
Average,No,Yes,79,Yes,No,64.9000015258789,68
Fairly Low,No,No,21,No,No,54.220001220703125,94
Very Low,No,Yes,46,No,No,63.83000183105469,70
Average,No,Yes,63,Yes,No,161.6699981689453,70
Fairly High,No,No,59,Yes,No,57.33000183105469,68
Fairly Low,No,No,33,Yes,No,50.41999816894531,73
Fairly High,Yes,Yes,48,Yes,Yes,64.5,73
Fairly High,Yes,Yes,40,Yes,No,52.04999923706055,73
Fairly High,Yes,Yes,57,Yes,No,79.220001220703125,89
Average,No,Yes,50,Yes,No,117,89
Average,Yes,Yes,29,No,Yes,83.06999969482422,53
Average,Yes,Yes,52,Yes,No,85.470001220703125,43
Fairly High,Yes,Yes,44,Yes,No,87.80000305175781,43
Fairly High,No,Yes,79,Yes,No,166.8000030517578,43
Fairly High,Yes,Yes,41,No,No,202.4199981689453,82
Average,Yes,Yes,36,No,Yes,96.6500015258789,82
Very Low,Yes,Yes,31,Yes,No,93.66999816894531,98
Fairly Low,No,Yes,20,No,No,75.12000274658203,98
Fairly High,No,Yes,80,Yes,No,96,99
Fairly High,No,Yes,36,No,No,66.12999725341797,48
Average,No,No,36,Yes,No,62.58000183105469,48
Average,Yes,No,81,No,No,72.2699966430664,48
Average,No,No,38,Yes,Yes,67.37000274658203,48
Fairly High,No,No,74,Yes,No,74.470001220703125,48
Very High,Yes,No,57,Yes,No,91.62999725341797,48
Fairly Low,No,Yes,20,Yes,Yes,85.55000305175781,50
Very High,Yes,Yes,44,Yes,No,63.869998931884766,61
Average,No,Yes,72,Yes,No,56.68000030517578,61
Very High,Yes,No,48,Yes,No,77.5,44
Fairly High,Yes,Yes,41,Yes,No,54.029998779296875,44
Fairly High,Yes,No,41,No,No,64.37999725341797,72
Average,No,Yes,31,Yes,No,60.970001220703125,55
Average,Yes,No,49,Yes,No,88.06999969482422,55
Very High,Yes,No,29,No,No,73.19999694824219,55
Fairly High,No,No,35,Yes,No,77.37999725341797,53
Average,No,Yes,21,Yes,Yes,60.119998931884766,53
Average,No,No,74,Yes,Yes,74.56999969482422,53
Fairly High,Yes,Yes,44,Yes,Yes,92.05000305175781,89
Fairly High,No,No,50,Yes,Yes,89.16999816894531,89
Average,No,No,89,No,No,67.16999816894531,66
Average,No,No,46,Yes,No,65.529998779296875,66
Fairly High,Yes,Yes,24,No,No,46.72999954223633,66
Fairly Low,No,No,85,Yes,No,63.33000183105469,1
Average,No,No,77,Yes,No,84.94999694824219,1
Fairly Low,No,Yes,25,No,No,53.81999969482422,86
Average,No,No,41,Yes,No,48.97999954223633,86
Average,No,Yes,25,No,No,41.66999816894531,86
Average,No,Yes,71,No,No,83.83000183105469,47
Average,No,Yes,29,No,No,60.47999954223633,47
Very Low,No,No,54,Yes,No,74.7300033569336,47
Average,No,Yes,53,Yes,Yes,59.099998474121094,50
Very High,No,Yes,54,Yes,No,82.08000183105469,50
Very High,Yes,No,65,Yes,No,61.75,50
Fairly High,Yes,Yes,39,Yes,No,58,45
Fairly Low,No,Yes,39,Yes,No,50.599998474121094,46
Very Low,No,No,21,No,No,58.54999923706055,46
Very Low,No,Yes,47,No,No,55.880001068115234,46
Average,No,No,35,Yes,No,44.52000045776367,5
Average,No,Yes,33,No,No,73.12000274658203,6
Average,Yes,Yes,34,Yes,Yes,83.80000305175781,6
Average,No,No,36,Yes,No,117.33000183105469,46
Fairly Low,No,Yes,NA,Yes,No,58.02000045776367,46
Fairly Low,No,Yes,49,Yes,No,97.1500015258789,68
Fairly High,No,Yes,39,Yes,No,92.06999969482422,56
Average,No,Yes,40,Yes,No,52.68000030517578,56
Fairly Low,No,No,28,No,No,58.970001220703125,98
Very High,Yes,No,76,Yes,No,82.5999984741211,98
Fairly Low,Yes,Yes,36,Yes,No,75.62999725341797,100
Fairly High,No,No,50,No,No,57.849998474121094,100
Average,No,Yes,65,Yes,No,60.619998931884766,100
Fairly High,No,Yes,54,Yes,No,72.83000183105469,100
Fairly High,No,Yes,47,Yes,No,69.0199966430664,98
Fairly Low,No,Yes,42,Yes,No,43.91999816894531,11
Average,No,Yes,44,Yes,No,84.1500015258789,75
Very High,Yes,No,30,No,No,63.150001525878906,48
Average,No,Yes,74,Yes,No,67.0999984741211,48
Fairly Low,No,Yes,48,Yes,No,82.529998779296875,60
Fairly High,No,Yes,30,No,No,65.12000274658203,6
Average,No,Yes,47,Yes,No,69.80000305175781,6
Very High,Yes,No,43,Yes,No,155.77999877929688,6
Average,Yes,No,38,Yes,Yes,96.31999969482422,101
Fairly High,Yes,Yes,52,Yes,No,123.93000030517578,101
Average,No,No,65,No,No,82.9800033569336,101
Fairly High,No,Yes,81,Yes,No,132.47000122070312,101
Fairly High,No,Yes,68,Yes,No,94.9000015258789,44
Average,No,Yes,69,Yes,No,45.93000030517578,44
Very High,No,No,51,Yes,Yes,98.06999969482422,90
Fairly Low,No,No,21,Yes,No,58.619998931884766,90
Very Low,No,No,36,Yes,No,54.70000076293945,43
Average,Yes,Yes,37,No,No,63.720001220703125,43
Very High,Yes,Yes,74,Yes,No,101.06999969482422,74
Fairly Low,No,Yes,69,Yes,No,80.05000305175781,39
Average,No,No,38,No,No,66.5199966430664,39
Fairly High,No,Yes,66,Yes,No,51.130001068115234,26
Average,Yes,Yes,30,Yes,No,53.91999816894531,26
Fairly High,Yes,Yes,62,Yes,No,75.30000305175781,26
Very High,Yes,Yes,41,Yes,No,71.529998779296875,6
Fairly Low,Yes,Yes,44,Yes,Yes,65.25,18
Very High,Yes,No,46,Yes,No,43.77000045776367,18
Average,Yes,Yes,47,No,No,81.779998779296875,18
Average,No,No,67,Yes,No,67.5999984741211,12
Average,No,Yes,24,No,No,50.130001068115234,12
Very High,Yes,Yes,46,Yes,No,82.5199966430664,17
Fairly High,Yes,Yes,60,Yes,No,60.599998474121094,17
Very Low,Yes,Yes,42,Yes,No,42.08000183105469,17
Fairly High,No,Yes,54,Yes,No,70.220001220703125,17
Fairly High,Yes,Yes,42,Yes,Yes,58.04999923706055,18
Very High,Yes,No,66,Yes,No,66.87999725341797,18
Fairly High,Yes,No,49,Yes,Yes,60.54999923706055,12
Very Low,No,Yes,55,No,No,48.22999954223633,17
Fairly Low,No,No,22,No,No,56.81999969482422,17
Very High,No,Yes,51,Yes,No,57.93000030517578,17
Fairly High,Yes,No,37,Yes,No,67.06999969482422,77
Average,Yes,No,42,Yes,No,54.220001220703125,3
Average,No,Yes,38,Yes,No,78.91999816894531,3
Fairly High,No,Yes,38,No,No,76.31999969482422,3
Fairly Low,No,No,36,No,No,72.30000305175781,87
Very High,Yes,Yes,44,Yes,No,110.43000030517578,53
Very High,No,Yes,56,Yes,Yes,30.270000457763672,53
Fairly Low,No,Yes,80,Yes,No,125.12000274658203,70
Average,Yes,Yes,30,Yes,No,68.41999816894531,70
Very High,Yes,Yes,44,Yes,Yes,71.62000274658203,72
Fairly Low,No,Yes,19,No,No,45.630001068115234,72
Fairly High,Yes,Yes,54,No,No,71.81999969482422,72
Fairly Low,No,Yes,19,Yes,No,49.45000076293945,72
Very High,Yes,No,60,Yes,No,69.37999725341797,72
Fairly High,Yes,Yes,38,Yes,No,53.81999969482422,72
Fairly High,No,No,63,Yes,No,88.029998779296875,68
Fairly High,Yes,Yes,35,No,Yes,58.25,53
Fairly Low,No,No,50,No,No,94.8499984741211,48
Average,Yes,Yes,30,Yes,No,58.06999969482422,48
Average,No,Yes,87,Yes,No,92.44999694824219,61
Average,No,No,62,Yes,No,75.83000183105469,61
Average,Yes,No,65,Yes,No,128.89999389648438,67
Fairly High,Yes,Yes,69,Yes,No,121.5999984741211,67
Average,No,Yes,61,No,No,100.1500015258789,39
Fairly High,No,No,57,No,No,79.56999969482422,39
Very Low,Yes,Yes,56,Yes,No,55.72999954223633,46
Average,Yes,No,42,Yes,No,76.529998779296875,46
Average,Yes,No,41,Yes,Yes,72.43000030517578,46
Average,Yes,Yes,37,Yes,No,58.380001068115234,52
Fairly Low,Yes,Yes,30,Yes,Yes,48.83000183105469,52
Fairly Low,Yes,No,31,No,No,59.75,52
Very High,Yes,Yes,54,Yes,Yes,78.1500015258789,45
Fairly High,No,Yes,51,Yes,No,70.05000305175781,45
Fairly High,Yes,Yes,59,Yes,No,79.9000015258789,45
Fairly High,Yes,No,34,Yes,No,57.18000030517578,66
Average,No,No,39,Yes,No,53.72999954223633,66
Average,No,Yes,57,Yes,No,70.9800033569336,66
Fairly High,Yes,No,26,No,No,48.81999969482422,66
Average,No,Yes,32,No,No,62.150001525878906,66
Fairly High,Yes,Yes,51,Yes,No,101.87999725341797,89
Fairly High,No,No,74,Yes,No,116.05000305175781,102
Very High,No,No,69,Yes,No,114.68000030517578,89
Average,No,No,48,No,Yes,107.41999816894531,46
Fairly High,Yes,Yes,59,Yes,No,110.66999816894531,46
Very High,Yes,No,24,Yes,No,80.91999816894531,89
Average,Yes,Yes,34,No,No,134.3000030517578,89
Average,Yes,No,41,Yes,No,91.66999816894531,89
Fairly High,No,No,42,Yes,No,75.4800033569336,89
Fairly Low,No,Yes,60,No,No,71.779998779296875,76
Fairly High,No,No,32,Yes,No,81.75,76
Very High,Yes,No,33,Yes,No,91.93000030517578,76
Fairly High,Yes,No,36,Yes,No,50.79999923706055,62
Average,No,Yes,39,Yes,Yes,69.41999816894531,62
Average,No,No,42,Yes,No,47.779998779296875,62
Very High,Yes,No,75,Yes,No,66.08000183105469,62
Very High,Yes,No,50,Yes,No,57.380001068115234,51
Fairly High,Yes,No,40,Yes,No,115.44999694824219,51
Average,Yes,Yes,34,No,No,75.69999694824219,80
Average,Yes,No,26,No,No,56.16999816894531,80
Very High,No,Yes,56,Yes,No,88.87999725341797,80
Average,Yes,Yes,25,Yes,Yes,52.029998779296875,52
Fairly High,Yes,No,38,No,Yes,87.3499984741211,52
Average,Yes,No,62,Yes,No,74.41999816894531,46
Fairly High,Yes,No,47,Yes,No,69.68000030517578,46
Average,No,No,33,No,Yes,40.529998779296875,50
Fairly High,Yes,No,59,Yes,No,87.94999694824219,50
Fairly High,No,Yes,46,Yes,No,47.5,50
Fairly High,No,No,26,No,No,52.150001525878906,50
Fairly Low,No,No,39,No,No,51.22999954223633,50
Fairly Low,No,Yes,21,No,Yes,50.43000030517578,72
Very Low,Yes,Yes,34,No,Yes,59.43000030517578,72
Fairly High,No,No,37,No,No,65.37999725341797,72
Average,No,No,68,Yes,No,67.83000183105469,47
Fairly Low,No,Yes,32,No,No,69.470001220703125,47
Very High,Yes,No,44,Yes,No,60.599998474121094,47
Fairly Low,No,Yes,19,Yes,No,54.279998779296875,47
Average,No,No,72,Yes,No,55.75,73
Fairly High,Yes,Yes,45,Yes,No,60.5,73
Very High,Yes,No,47,Yes,No,77.37999725341797,73
Very Low,No,Yes,21,No,No,55.20000076293945,72
Fairly Low,Yes,No,73,Yes,No,66.25,59
Fairly High,No,Yes,67,No,No,92.06999969482422,59
Very High,Yes,Yes,61,Yes,No,82.0999984741211,47
Fairly High,Yes,Yes,61,Yes,Yes,120.58000183105469,69
Very High,Yes,Yes,48,Yes,No,108.75,69
Fairly High,No,Yes,78,Yes,No,76.87999725341797,1
Fairly Low,No,No,37,Yes,No,77.93000030517578,1
Fairly Low,No,Yes,29,No,Yes,116.8499984741211,77
Fairly Low,No,Yes,82,Yes,No,81.68000030517578,77
Very High,Yes,Yes,77,Yes,No,84.5999984741211,78
Very High,No,No,79,Yes,No,111.06999969482422,78
Fairly Low,No,No,44,Yes,Yes,109.2300033569336,58
Very High,Yes,Yes,37,Yes,No,135.6300048828125,58
Fairly Low,No,No,51,Yes,No,69.18000030517578,58
Very Low,No,Yes,53,Yes,No,116.81999969482422,58
Average,No,Yes,64,Yes,No,74.83000183105469,66
Average,No,Yes,28,No,No,92.12000274658203,67
Very High,Yes,No,23,No,Yes,125.18000030517578,71
Very High,Yes,Yes,31,No,No,104.5999984741211,71
Fairly Low,Yes,Yes,31,No,No,58.43000030517578,71
Fairly High,Yes,No,66,Yes,No,56.029998779296875,96
Very High,Yes,No,59,Yes,No,74.06999969482422,96
Average,No,No,46,No,No,64.7300033569336,94
Very High,Yes,No,37,Yes,Yes,70.2699966430664,78
Average,Yes,Yes,24,No,No,67.87000274658203,78
Very High,No,No,44,Yes,No,61.529998779296875,78
Fairly High,Yes,No,57,Yes,No,87.0999984741211,78
Average,No,No,82,Yes,No,99.87000274658203,78
Average,No,Yes,58,Yes,No,52.349998474121094,78
Average,Yes,Yes,54,Yes,Yes,63.81999969482422,78
Fairly Low,Yes,No,57,No,No,99.43000030517578,78
Fairly High,Yes,Yes,51,Yes,Yes,51.81999969482422,62
Very High,No,Yes,45,Yes,No,51.880001068115234,38
Very High,Yes,No,30,Yes,No,41.08000183105469,38
Fairly Low,No,Yes,28,Yes,Yes,60.08000183105469,38
Fairly Low,No,Yes,24,No,No,69.3499984741211,60
Fairly Low,No,Yes,61,Yes,No,51.849998474121094,60
Fairly High,Yes,No,51,Yes,No,63.900001525878906,60
Average,Yes,No,70,Yes,No,85.87000274658203,71
Average,No,Yes,77,Yes,No,109.81999969482422,99
Very High,No,No,42,No,No,78.6500015258789,75
Very Low,No,Yes,20,Yes,No,43.599998474121094,45
Very Low,No,Yes,26,No,No,60.18000030517578,43
Average,No,No,43,No,No,85.5199966430664,77
Average,Yes,Yes,26,Yes,No,65.9000015258789,77
Very Low,No,No,25,No,No,62.04999923706055,43
Very High,No,No,22,No,No,65.06999969482422,43
Fairly High,Yes,No,63,Yes,No,49.58000183105469,50
Average,No,Yes,47,Yes,No,54.22999954223633,76
Average,No,Yes,46,Yes,No,81.94999694824219,76
Very High,Yes,No,38,Yes,No,140.3699951171875,89
Fairly High,No,Yes,37,Yes,No,91.25,89
Fairly High,No,No,34,Yes,Yes,48.81999969482422,89
Very Low,No,Yes,23,No,No,42.31999969482422,5
Fairly Low,No,No,43,No,No,118.44999694824219,14
Average,No,No,52,Yes,No,128.72000122070312,14
Fairly Low,No,Yes,57,Yes,No,40.47999954223633,29
Average,No,No,44,Yes,No,52,29
Average,No,No,37,No,No,51.349998474121094,29
Very High,No,No,45,Yes,No,58.04999923706055,59
Average,No,Yes,49,No,No,58.099998474121094,59
Average,No,No,26,Yes,Yes,44.31999969482422,52
Average,Yes,Yes,32,No,No,50.619998931884766,59
Average,No,No,36,No,No,54.79999923706055,59
Fairly High,Yes,Yes,52,Yes,No,99.529998779296875,46
Fairly High,No,Yes,26,No,No,48.650001525878906,88
Very High,Yes,Yes,59,Yes,No,65.62000274658203,88
Fairly High,Yes,Yes,60,Yes,No,63.08000183105469,88
Very High,Yes,No,57,Yes,Yes,97.91999816894531,52
Average,No,Yes,69,Yes,No,57.06999969482422,52
Fairly Low,No,No,20,No,No,37.08000183105469,52
Fairly High,Yes,No,23,No,Yes,76.5199966430664,52
Fairly High,No,Yes,54,No,Yes,55,52
Fairly High,No,No,35,Yes,No,49.27000045776367,33
Fairly High,Yes,No,35,Yes,Yes,50.529998779296875,33
Average,Yes,Yes,25,No,Yes,89.3499984741211,14
Fairly Low,No,Yes,40,Yes,No,47.08000183105469,33
Average,Yes,Yes,72,Yes,No,58.97999954223633,33
Very High,Yes,No,53,Yes,No,61.279998779296875,33
Average,No,No,68,Yes,No,57.66999816894531,16
Fairly High,No,Yes,26,No,No,49.470001220703125,38
Average,No,No,73,Yes,No,70.220001220703125,17
Fairly High,No,Yes,46,Yes,No,45.02000045776367,17
Very High,No,Yes,51,Yes,No,100.12000274658203,17
Fairly High,No,No,43,No,No,83.16999816894531,17
Fairly Low,No,Yes,41,No,No,62.18000030517578,11
Average,Yes,No,24,No,No,41.849998474121094,11
Fairly High,No,No,54,Yes,Yes,47.349998474121094,11
Fairly High,Yes,Yes,41,Yes,Yes,60.16999816894531,11
Average,No,Yes,22,No,No,39.56999969482422,38
Average,No,No,49,No,No,78.91999816894531,92
Fairly High,Yes,No,33,Yes,No,34.119998931884766,45
Fairly High,Yes,No,41,Yes,No,66.58000183105469,45
Fairly High,Yes,Yes,38,Yes,No,63.099998474121094,45
Fairly High,No,Yes,NA,Yes,No,57.849998474121094,45
Very High,Yes,Yes,44,Yes,No,67.720001220703125,45
Average,Yes,No,42,Yes,No,62.43000030517578,69
Very High,Yes,Yes,36,Yes,Yes,57.599998474121094,47
Fairly Low,No,No,31,No,No,53.20000076293945,47
Very High,No,No,50,Yes,No,56.77000045776367,47
Very Low,No,Yes,54,No,No,54.75,47
Very Low,No,No,24,Yes,No,40.529998779296875,5
Very Low,No,No,19,No,No,41.470001220703125,5
Very High,Yes,No,38,Yes,No,64.62999725341797,5
Average,No,No,82,Yes,No,73.9000015258789,54
Average,No,No,48,Yes,No,62.470001220703125,54
Average,Yes,Yes,25,Yes,No,104.08000183105469,14
Average,No,Yes,24,Yes,No,41.220001220703125,103
Fairly High,No,Yes,43,Yes,No,22.1200008392334,103
Fairly High,Yes,Yes,54,Yes,No,53.58000183105469,24
Very High,Yes,No,26,Yes,No,63.900001525878906,24
Very High,Yes,No,52,Yes,No,83.05000305175781,24
Very High,Yes,No,84,No,No,81.62999725341797,92
Average,No,Yes,64,No,No,83.75,92
Fairly High,Yes,No,31,No,No,58.720001220703125,92
Fairly High,No,Yes,57,Yes,No,57.720001220703125,25
Fairly Low,Yes,No,35,No,No,81.470001220703125,24
Average,No,Yes,42,Yes,No,56.04999923706055,25
Fairly Low,No,Yes,39,No,No,55.369998931884766,24
Average,Yes,Yes,41,Yes,Yes,59.529998779296875,24
Fairly High,Yes,Yes,47,No,Yes,65.80000305175781,25
Fairly Low,Yes,No,27,Yes,Yes,40,32
Very Low,Yes,Yes,43,Yes,No,36.529998779296875,32
Average,Yes,No,29,No,No,39.68000030517578,32
Fairly Low,Yes,Yes,58,Yes,Yes,45.75,32
Average,Yes,Yes,49,No,Yes,61.45000076293945,32
Very Low,No,No,32,No,No,41.68000030517578,32
Very Low,No,No,39,No,No,41.04999923706055,32
Average,No,No,58,No,No,58.349998474121094,32
Fairly Low,No,Yes,33,No,No,49.81999969482422,75
Very High,Yes,No,27,No,No,87.80000305175781,75
Very High,Yes,No,27,No,No,54.08000183105469,11
Fairly High,Yes,No,48,Yes,No,50.099998474121094,11
Fairly Low,No,Yes,26,No,No,46.95000076293945,11
Very High,Yes,No,58,Yes,No,61.119998931884766,11
Fairly High,Yes,No,37,Yes,No,75.9000015258789,53
Average,No,Yes,53,Yes,No,65.56999969482422,53
Average,No,Yes,42,Yes,No,85.16999816894531,48
Average,No,No,28,No,No,77.720001220703125,48
Fairly Low,No,No,35,No,No,64.37999725341797,14
Fairly High,Yes,No,47,Yes,No,85,14
Average,Yes,Yes,37,No,No,181.72999572753906,14
Fairly Low,No,Yes,60,Yes,No,196.3300018310547,9
Average,No,Yes,51,Yes,No,45.56999969482422,9
Average,No,Yes,42,No,No,50.380001068115234,53
Fairly Low,No,Yes,58,Yes,No,49.16999816894531,12
Fairly Low,No,Yes,74,Yes,No,59.33000183105469,12
Fairly High,Yes,Yes,40,Yes,Yes,77.12999725341797,12
Average,No,No,30,Yes,No,63.349998474121094,66
Fairly Low,No,Yes,18,Yes,No,42.16999816894531,66
Very High,Yes,Yes,40,No,No,66.91999816894531,85
Average,No,Yes,96,Yes,No,103.16999816894531,85
Very High,No,No,79,No,No,59.099998474121094,103
Fairly High,Yes,Yes,50,Yes,Yes,98.43000030517578,77
Average,Yes,No,39,No,No,55.16999816894531,77
Fairly Low,Yes,Yes,48,Yes,No,56.70000076293945,1
Fairly Low,No,Yes,36,No,No,45.150001525878906,23
Fairly Low,Yes,Yes,36,Yes,No,48.18000030517578,23
Fairly Low,No,No,19,Yes,No,35.47999954223633,23
Fairly High,Yes,No,52,Yes,No,56.41999816894531,23
Average,No,No,73,Yes,No,42.650001525878906,83
Fairly High,Yes,Yes,43,Yes,Yes,66.91999816894531,83
Very High,Yes,Yes,48,Yes,Yes,55.93000030517578,83
Very High,Yes,Yes,78,Yes,No,92.37000274658203,83
Average,No,No,36,Yes,No,66.18000030517578,83
Average,No,Yes,73,Yes,No,60.47999954223633,104
Very High,No,Yes,NA,No,Yes,50.029998779296875,104
Fairly Low,No,Yes,50,No,No,56.20000076293945,104
Average,No,Yes,36,Yes,Yes,52.650001525878906,104
Very High,Yes,Yes,44,Yes,Yes,62.66999816894531,104
NA,Yes,Yes,35,Yes,No,58.779998779296875,104
Average,Yes,No,29,No,No,77.779998779296875,74
Very High,Yes,No,56,Yes,No,82.9800033569336,74
Fairly High,Yes,Yes,42,No,No,65.87999725341797,53
Fairly High,No,No,80,No,No,64.9000015258789,100
Fairly High,No,Yes,40,No,No,111.06999969482422,100
Fairly High,No,Yes,48,Yes,No,103.43000030517578,58
Fairly High,Yes,Yes,53,Yes,No,89.720001220703125,58
Fairly Low,No,No,25,Yes,No,61.79999923706055,58
Very Low,No,No,35,No,No,50.119998931884766,78
Average,No,No,74,Yes,No,68,1
Fairly High,Yes,No,30,No,No,74.0999984741211,83
Average,No,Yes,34,No,No,57.369998931884766,45
Fairly Low,No,Yes,33,Yes,No,64.5,45
Average,No,Yes,48,Yes,No,85.25,45
Fairly Low,No,Yes,25,No,No,45.650001525878906,52
Fairly High,Yes,No,30,No,No,46.33000183105469,52
Very High,Yes,No,27,Yes,Yes,72.6500015258789,6
Fairly High,Yes,No,27,No,Yes,64.08000183105469,52
Very Low,No,No,23,No,No,37.79999923706055,52
Average,No,No,46,Yes,No,72.62999725341797,66
Fairly High,Yes,Yes,42,Yes,No,62.650001525878906,77
Fairly Low,Yes,No,39,Yes,No,54.93000030517578,68
Very Low,No,Yes,64,No,No,45.099998474121094,68
Fairly High,No,No,34,No,No,61.83000183105469,68
Average,No,Yes,70,Yes,No,68.2300033569336,65
Fairly High,No,Yes,76,Yes,No,63.779998779296875,65
Fairly Low,No,No,50,Yes,No,36.06999969482422,29
Fairly Low,No,Yes,41,Yes,No,64.529998779296875,18
Very Low,Yes,Yes,25,No,No,54.54999923706055,18
Fairly High,No,Yes,29,Yes,No,56.02000045776367,30
Average,No,Yes,72,Yes,No,63.349998474121094,30
Very Low,No,Yes,62,No,No,71.19999694824219,30
Fairly Low,No,No,30,No,No,49.41999816894531,18
Fairly Low,No,Yes,19,No,No,58.56999969482422,18
Very High,Yes,No,45,Yes,Yes,71.9000015258789,18
Average,No,No,38,Yes,No,52.880001068115234,25
Fairly High,Yes,No,22,No,No,50.66999816894531,21
Fairly High,Yes,No,27,Yes,No,58.900001525878906,21
Average,No,Yes,58,Yes,No,50.25,21
Fairly High,Yes,No,31,Yes,No,50.5,21
Fairly High,No,No,37,Yes,Yes,156.02999877929688,82
Average,Yes,Yes,35,Yes,No,71.2699966430664,22
Average,No,No,37,Yes,No,56.72999954223633,79
Very High,No,No,57,Yes,No,73.62999725341797,38
Average,Yes,Yes,31,No,No,33.81999969482422,38
Fairly High,No,Yes,47,Yes,Yes,66.12999725341797,7
Fairly High,Yes,No,33,Yes,No,55,7
Average,Yes,Yes,42,Yes,No,59.599998474121094,7
Very High,Yes,No,64,No,No,69.18000030517578,7
Very High,Yes,Yes,50,Yes,Yes,76.18000030517578,7
Average,No,No,52,No,No,68,7
Very High,Yes,Yes,31,No,Yes,61.02000045776367,27
Very High,Yes,No,47,No,No,66.1500015258789,27
Very Low,No,Yes,95,No,No,89.9800033569336,77
Average,No,No,35,Yes,No,77.2300033569336,77
Fairly High,Yes,No,51,No,No,78.58000183105469,64
Very Low,No,No,36,No,No,57.81999969482422,64
Very High,Yes,No,57,Yes,No,89.83000183105469,64
Average,Yes,No,27,No,No,67.19999694824219,64
Fairly Low,No,No,45,No,No,49.77000045776367,64
Fairly High,No,Yes,43,Yes,No,88.33000183105469,48
Average,Yes,Yes,50,Yes,No,48.91999816894531,64
Fairly Low,No,Yes,18,Yes,No,46.08000183105469,57
Very High,No,No,44,Yes,No,78.81999969482422,57
Average,No,No,52,Yes,No,90.69999694824219,57
Very High,Yes,No,53,Yes,No,89.69999694824219,57
Fairly Low,No,Yes,40,No,No,48.45000076293945,64
Very High,Yes,Yes,53,Yes,Yes,92.720001220703125,64
Average,No,No,38,No,No,82.56999969482422,64
Fairly High,Yes,Yes,71,Yes,No,197.64999389648438,64
Very High,Yes,Yes,61,Yes,No,71.66999816894531,24
Very High,Yes,Yes,30,No,No,73.58000183105469,24
Fairly High,Yes,No,48,Yes,Yes,68.18000030517578,24
Fairly High,Yes,No,40,Yes,No,76.30000305175781,1
Fairly High,No,No,73,Yes,No,49.619998931884766,1
Fairly High,Yes,Yes,86,Yes,No,106.6500015258789,1
Fairly High,No,No,34,Yes,Yes,49.400001525878906,66
Average,No,No,41,Yes,No,50.650001525878906,68
Fairly High,No,Yes,69,No,No,89.33000183105469,68
Very High,Yes,Yes,46,Yes,No,80.25,26
Very High,Yes,No,33,No,Yes,110.5999984741211,14
Very Low,No,No,92,Yes,No,74.970001220703125,10
Very High,Yes,No,42,Yes,No,58.52000045776367,15
Fairly High,No,Yes,57,Yes,Yes,67.43000030517578,15
Very Low,No,Yes,81,Yes,No,54.400001525878906,10
Fairly High,No,Yes,24,No,No,58.45000076293945,10
Very Low,No,No,51,Yes,No,48.779998779296875,10
Fairly Low,No,Yes,18,Yes,No,49.720001220703125,10
Fairly Low,No,Yes,59,No,No,58.43000030517578,10
Fairly Low,No,Yes,44,No,No,66.7300033569336,15
Fairly High,Yes,No,43,Yes,No,47.83000183105469,30
Fairly High,Yes,Yes,53,Yes,Yes,48.529998779296875,30
Fairly Low,No,Yes,22,No,No,41.95000076293945,30
Fairly Low,Yes,No,38,Yes,No,42.68000030517578,30
Fairly High,Yes,No,76,Yes,No,51.91999816894531,8
Fairly High,Yes,No,55,Yes,No,74.58000183105469,8
Fairly High,Yes,Yes,49,Yes,No,91.41999816894531,8
Average,No,Yes,25,No,No,57.619998931884766,8
Average,No,No,37,Yes,No,47.91999816894531,8
Fairly High,Yes,Yes,42,Yes,Yes,49.880001068115234,8
Fairly Low,No,Yes,97,Yes,No,45.5,8
Fairly High,No,No,58,Yes,No,74.5999984741211,8
Fairly High,No,No,66,Yes,No,77,8
Average,No,No,56,Yes,No,104.5199966430664,58
Average,No,Yes,19,Yes,No,47.95000076293945,33
Fairly High,No,No,56,Yes,No,76.62000274658203,33
Average,Yes,Yes,48,Yes,Yes,58.130001068115234,33
Very Low,No,Yes,39,Yes,No,51.41999816894531,33
Average,No,No,28,Yes,No,65.81999969482422,33
Fairly High,Yes,Yes,46,Yes,No,56.29999923706055,33
Fairly High,No,No,33,Yes,Yes,76.62000274658203,33
Fairly High,Yes,No,50,No,No,58.27000045776367,33
Fairly High,Yes,Yes,44,Yes,No,59.81999969482422,39
Fairly High,Yes,No,40,No,No,63.869998931884766,39
Fairly High,Yes,No,28,Yes,No,58.970001220703125,39
Fairly High,No,No,21,Yes,No,69.8499984741211,89
Very High,Yes,No,45,Yes,No,64.80000305175781,5
Fairly Low,No,Yes,25,No,Yes,44.400001525878906,5
Average,Yes,No,22,No,No,52.900001525878906,73
Average,No,No,22,No,No,40.150001525878906,73
Very Low,No,Yes,81,Yes,No,63.619998931884766,5
Fairly High,No,Yes,18,Yes,No,49.599998474121094,63
Fairly High,No,Yes,53,Yes,No,66.25,21
Fairly Low,No,No,45,No,No,63.650001525878906,21
Fairly High,No,No,56,Yes,No,77.41999816894531,21
Fairly Low,No,Yes,39,No,Yes,46.5,21
Average,No,Yes,22,Yes,No,48.22999954223633,87
Average,Yes,No,56,Yes,No,57.720001220703125,87
Average,No,Yes,69,Yes,No,56.04999923706055,87
Average,No,No,20,Yes,No,42.869998931884766,87
Fairly Low,No,Yes,21,Yes,No,45.18000030517578,87
Very High,No,No,63,Yes,No,51.95000076293945,27
Average,Yes,Yes,37,No,No,66.87000274658203,87
Very Low,No,No,35,No,No,49.16999816894531,87
Average,Yes,Yes,39,Yes,No,51.869998931884766,105
Fairly High,No,No,41,Yes,No,48.20000076293945,105
Fairly High,Yes,No,73,Yes,No,89.5,105
Fairly High,Yes,Yes,82,Yes,No,75.720001220703125,105
Very High,Yes,No,47,Yes,No,42.58000183105469,105
Very High,Yes,No,44,Yes,No,50.20000076293945,105
Very High,No,Yes,58,Yes,No,82.56999969482422,105
Average,Yes,Yes,27,Yes,No,40.869998931884766,105
Fairly High,No,Yes,66,Yes,No,52.599998474121094,105
Average,No,Yes,21,No,No,70.68000030517578,105
Fairly Low,No,Yes,39,No,No,72.18000030517578,97
Fairly Low,No,Yes,87,Yes,No,41.529998779296875,31
Average,No,Yes,57,Yes,No,62.16999816894531,43
Very Low,No,Yes,33,No,No,53.779998779296875,43
Very High,Yes,No,30,No,No,65.81999969482422,43
Fairly High,Yes,No,65,No,No,61.29999923706055,106
Very Low,No,No,26,No,No,38.45000076293945,68
Fairly Low,No,Yes,28,Yes,No,71.69999694824219,76
Very High,No,No,66,Yes,No,53.72999954223633,31
Very High,Yes,Yes,58,Yes,No,72.19999694824219,31
Fairly Low,No,No,26,No,No,52.880001068115234,30
Fairly High,No,Yes,38,No,No,88.93000030517578,31
Fairly Low,Yes,No,NA,No,No,58.380001068115234,30
Very High,Yes,Yes,35,Yes,No,59.369998931884766,44
Fairly High,No,Yes,50,Yes,No,56.47999954223633,23
Average,No,Yes,35,No,No,39.81999969482422,86
Average,No,Yes,39,Yes,No,117.69999694824219,86
Average,No,No,55,Yes,No,61.630001068115234,86
Average,No,Yes,63,Yes,No,47.97999954223633,86
Fairly Low,No,No,73,Yes,No,72.19999694824219,86
Average,No,Yes,73,Yes,No,70.33000183105469,86
Average,No,Yes,91,Yes,No,90.6500015258789,86
Fairly High,No,Yes,52,Yes,No,83.66999816894531,26
Average,No,No,46,Yes,No,45.54999923706055,26
Average,No,Yes,28,No,No,60.77000045776367,26
Average,No,Yes,54,No,Yes,56.54999923706055,26
Very High,No,No,33,Yes,No,59.70000076293945,26
Fairly High,No,No,58,Yes,No,46.33000183105469,26
Fairly High,Yes,No,32,Yes,No,51.18000030517578,26
Average,Yes,Yes,40,Yes,No,56.91999816894531,26
Very High,Yes,No,38,No,No,65.75,26
Fairly High,Yes,Yes,41,No,Yes,49.31999969482422,26
Fairly High,Yes,Yes,32,No,No,66.06999969482422,26
Very High,No,Yes,43,Yes,No,73.80000305175781,26
Average,No,No,41,Yes,No,52.400001525878906,26
Fairly High,Yes,Yes,32,Yes,Yes,58.900001525878906,26
Average,No,No,58,Yes,No,58.04999923706055,26
Fairly Low,No,Yes,61,No,No,96.7699966430664,82
Very High,Yes,No,52,Yes,No,52.41999816894531,82
Very High,No,No,69,No,No,211.14999389648438,82
Fairly Low,No,No,44,No,No,88.58000183105469,46
Very Low,Yes,No,52,Yes,No,50.650001525878906,46
Fairly Low,No,No,70,Yes,Yes,83.9800033569336,70
Fairly Low,No,Yes,38,No,No,42.02000045776367,88
Very Low,No,Yes,25,No,No,56.119998931884766,88
Average,No,Yes,35,Yes,No,35.43000030517578,29
Very High,Yes,No,33,Yes,No,49.099998474121094,29
Fairly High,Yes,No,51,Yes,No,48.68000030517578,29
Very High,Yes,No,32,Yes,No,62.599998474121094,29
Average,Yes,Yes,23,Yes,No,53.97999954223633,29
Average,Yes,Yes,38,No,Yes,55.43000030517578,29
Fairly High,Yes,Yes,27,Yes,Yes,48.20000076293945,29
Fairly Low,No,No,38,No,Yes,39.22999954223633,29
Fairly High,No,No,46,Yes,No,65,14
Average,Yes,No,24,No,No,71.83000183105469,14
Fairly Low,No,Yes,27,No,Yes,103.5999984741211,107
Average,No,No,48,Yes,No,50.619998931884766,44
Fairly High,Yes,Yes,26,No,Yes,57.75,44
Average,Yes,Yes,30,Yes,No,48.58000183105469,44
Average,Yes,No,40,No,No,81.05000305175781,9
Fairly Low,Yes,Yes,42,Yes,No,152.0800018310547,9
Fairly Low,No,Yes,38,No,Yes,44.150001525878906,12
Fairly High,Yes,Yes,41,Yes,No,56.349998474121094,12
Average,No,No,57,Yes,No,52.45000076293945,12
Fairly High,Yes,Yes,50,Yes,Yes,60.619998931884766,12
Average,No,No,20,No,No,58.75,74
Fairly High,Yes,No,73,Yes,No,97.87000274658203,74
Very High,Yes,No,41,Yes,No,92.62000274658203,74
Very High,Yes,No,54,Yes,No,80.220001220703125,74
Fairly High,No,Yes,44,Yes,Yes,121.8499984741211,85
Fairly High,Yes,Yes,39,Yes,No,79.93000030517578,3
Average,No,Yes,46,No,No,79.55000305175781,3
Fairly High,No,No,52,No,No,127.62999725341797,3
Average,No,Yes,83,Yes,No,63.22999954223633,3
Fairly High,No,Yes,37,No,No,91.33000183105469,3
Fairly High,No,No,28,No,No,88.18000030517578,24
Fairly High,Yes,No,37,Yes,No,89.55000305175781,24
Average,No,Yes,72,No,No,57.06999969482422,24
Average,No,No,42,Yes,No,58.119998931884766,24
Average,No,Yes,59,Yes,No,107.87999725341797,24
Fairly High,Yes,No,40,No,No,55.66999816894531,24
Very High,Yes,Yes,54,Yes,No,71.43000030517578,24
Fairly Low,No,Yes,48,Yes,No,100.81999969482422,82
Very High,Yes,No,39,Yes,No,74.58000183105469,82
Average,No,No,37,Yes,No,136.92999267578125,82
Very High,No,No,31,Yes,No,45.79999923706055,108
Very High,Yes,No,37,Yes,No,41.349998474121094,108
Fairly Low,No,Yes,18,Yes,No,59.81999969482422,108
Very High,Yes,No,63,Yes,No,68.25,108
Very High,Yes,No,78,Yes,No,82.33000183105469,108
Fairly High,Yes,No,24,Yes,No,48.529998779296875,108
Fairly Low,No,No,33,No,No,55.77000045776367,108
Average,No,Yes,21,No,No,51.349998474121094,108
Fairly Low,No,Yes,22,No,No,39.880001068115234,108
Fairly High,No,Yes,35,Yes,Yes,56.25,108
Fairly Low,Yes,Yes,30,No,Yes,41.599998474121094,108
Average,No,Yes,34,Yes,No,76.31999969482422,84
Very High,Yes,Yes,61,No,Yes,57.400001525878906,84
Very High,No,No,23,No,No,63.70000076293945,71
Very High,Yes,Yes,48,Yes,Yes,65.66999816894531,96
Average,No,Yes,80,Yes,No,75.41999816894531,62
Average,Yes,Yes,57,No,Yes,83.37999725341797,54
Average,No,Yes,37,Yes,No,60.22999954223633,96
Very High,Yes,No,32,Yes,Yes,74.0999984741211,75
Fairly High,No,No,80,Yes,No,74.279998779296875,75
Very Low,Yes,No,20,No,No,65.7699966430664,63
Average,Yes,No,25,No,Yes,49.43000030517578,95
Average,No,No,21,No,No,45.45000076293945,95
Fairly High,Yes,No,36,No,No,60.70000076293945,95
Fairly High,Yes,Yes,72,Yes,No,137.02999877929688,6
Fairly High,Yes,No,45,Yes,No,81.66999816894531,16
Very High,Yes,No,58,Yes,No,67,81
Very High,Yes,Yes,50,Yes,No,102.2300033569336,81
Fairly High,Yes,Yes,45,Yes,No,61.16999816894531,81
Average,No,Yes,65,Yes,No,51.779998779296875,81
Very High,Yes,No,50,Yes,Yes,68.8499984741211,81
Very High,Yes,No,37,No,No,57.619998931884766,28
Very Low,No,Yes,50,Yes,No,35.33000183105469,28
Fairly Low,No,Yes,57,Yes,No,74.529998779296875,48
Average,No,No,49,Yes,No,41.470001220703125,28
Very High,Yes,Yes,41,Yes,No,79.75,80
Fairly Low,Yes,Yes,44,Yes,No,53.880001068115234,80
Fairly High,Yes,Yes,42,Yes,No,58.06999969482422,80
Fairly High,Yes,No,32,Yes,No,52.779998779296875,80
Average,Yes,Yes,31,Yes,Yes,61.68000030517578,80
Average,No,Yes,73,Yes,No,74.779998779296875,92
Average,No,Yes,44,No,No,88.470001220703125,4
Fairly High,Yes,Yes,37,Yes,No,50.93000030517578,4
Average,Yes,Yes,46,Yes,No,60.22999954223633,4
Fairly High,No,No,30,No,No,62.33000183105469,4
Fairly High,No,No,56,Yes,No,71.16999816894531,4
Very High,No,No,35,No,No,63.93000030517578,4
Average,Yes,Yes,34,No,No,56.16999816894531,4
Fairly Low,No,Yes,75,Yes,No,54.599998474121094,4
Fairly High,Yes,Yes,75,No,No,79.8499984741211,4
Average,Yes,No,48,Yes,No,65.5199966430664,4
Very High,Yes,No,62,Yes,No,73,18
Fairly Low,Yes,No,46,Yes,Yes,116.0999984741211,29
Fairly Low,Yes,Yes,44,No,No,63.77000045776367,53
Fairly High,Yes,No,33,Yes,No,47.95000076293945,53
Very High,Yes,No,34,No,No,63.27000045776367,53
Fairly High,No,No,61,No,No,50.95000076293945,53
Very Low,No,Yes,89,Yes,No,75.58000183105469,53
Fairly Low,Yes,Yes,28,Yes,No,67.4000015258789,53
NA,No,No,47,No,No,NA,53
Average,No,No,63,Yes,No,40.52000045776367,32
Average,No,No,27,No,No,32.869998931884766,32
Fairly Low,Yes,Yes,34,Yes,No,41.220001220703125,32
Fairly Low,No,Yes,41,No,No,43.54999923706055,28
Very High,No,No,50,Yes,No,41.47999954223633,28
Very High,Yes,Yes,48,Yes,Yes,34.099998474121094,28
Average,No,Yes,27,No,No,62.029998779296875,40
Average,No,Yes,36,No,No,66.08000183105469,40
Average,Yes,No,64,Yes,No,73.2300033569336,40
Fairly High,No,Yes,64,Yes,No,60.119998931884766,40
Very High,Yes,No,51,Yes,No,88.43000030517578,40
Average,No,No,68,Yes,No,52.650001525878906,40
Average,Yes,Yes,35,No,Yes,55.779998779296875,40
Average,No,No,60,No,No,70.5199966430664,40
Very Low,No,Yes,28,No,No,47.52000045776367,40
Very Low,Yes,No,26,No,No,67.08000183105469,40
Fairly Low,No,No,50,No,No,43.97999954223633,90
Very High,Yes,Yes,44,Yes,No,41.279998779296875,91
Average,No,Yes,42,No,No,67.62000274658203,84
Very High,Yes,Yes,56,No,No,69.5199966430664,84
Average,No,Yes,52,No,No,35.04999923706055,91
Very High,No,No,71,Yes,No,79.1500015258789,84
Very High,No,Yes,40,No,No,56.779998779296875,91
Very Low,No,Yes,26,Yes,No,56.47999954223633,71
Very High,Yes,No,37,No,Yes,64.81999969482422,22
Very High,Yes,No,55,Yes,No,95.0199966430664,22
Very High,No,Yes,73,Yes,No,51.380001068115234,22
Fairly Low,No,Yes,39,No,No,47.16999816894531,22
Very High,Yes,No,43,Yes,No,50.79999923706055,22
Average,No,No,21,No,No,50.54999923706055,22
Average,No,No,32,Yes,No,46.43000030517578,82
Average,Yes,Yes,53,Yes,No,69.1500015258789,82
Very High,Yes,No,39,No,Yes,44.02000045776367,72
Very High,Yes,Yes,60,Yes,No,104.2699966430664,100
Very High,Yes,No,50,Yes,No,68.9000015258789,100
Average,No,No,45,Yes,No,133.42999267578125,100
Fairly High,No,Yes,37,Yes,No,49.119998931884766,70
Very High,No,Yes,51,Yes,Yes,59,92
Very High,Yes,Yes,48,Yes,Yes,43.72999954223633,92
Average,No,Yes,79,No,No,41.22999954223633,92
Average,No,Yes,44,No,No,53.43000030517578,70
Fairly Low,No,No,30,No,Yes,63.970001220703125,70
Fairly Low,No,No,24,Yes,No,64.05000305175781,6
Fairly High,Yes,No,49,Yes,No,78.4800033569336,6
Fairly Low,No,Yes,80,Yes,No,49.04999923706055,6
Fairly Low,No,Yes,19,No,No,47.45000076293945,6
Very High,No,No,40,Yes,No,90.43000030517578,6
Fairly Low,No,Yes,71,Yes,No,53.52000045776367,6
Very High,Yes,Yes,36,Yes,No,76.970001220703125,6
Average,No,Yes,22,No,No,70.31999969482422,42
Fairly High,Yes,No,43,Yes,No,59.720001220703125,42
Very High,Yes,Yes,28,No,No,61.22999954223633,17
Fairly Low,No,No,50,Yes,No,55.79999923706055,21
Fairly High,No,No,38,Yes,No,82.62999725341797,17
Very Low,No,Yes,20,Yes,No,41.43000030517578,21
Average,No,No,53,Yes,No,69.93000030517578,21
Fairly High,Yes,Yes,78,Yes,No,82.91999816894531,42
Fairly High,No,No,85,No,No,75.720001220703125,42
Fairly Low,No,No,22,No,No,58.650001525878906,75
Fairly Low,No,Yes,68,Yes,No,64.43000030517578,75
Fairly Low,Yes,Yes,51,No,No,108.8499984741211,75
Fairly High,No,Yes,23,Yes,No,52.470001220703125,42
Average,Yes,Yes,35,Yes,No,100.25,14
Fairly High,Yes,Yes,51,Yes,No,44.29999923706055,63
Fairly High,No,Yes,46,No,No,50.900001525878906,59
Fairly High,No,No,37,No,No,82.37000274658203,59
Average,No,No,54,Yes,No,53.400001525878906,8
Fairly High,Yes,No,56,Yes,No,38.97999954223633,8
Fairly High,Yes,No,39,Yes,No,72.8499984741211,16
Average,No,Yes,57,Yes,No,107.87000274658203,16
Average,Yes,Yes,35,No,No,52.400001525878906,64
Fairly Low,No,Yes,65,Yes,No,45.099998474121094,6
Very High,Yes,No,55,Yes,No,80.12999725341797,6
Very High,No,No,23,No,No,59.75,6
Fairly Low,Yes,Yes,24,No,Yes,46.369998931884766,6
Average,Yes,No,30,No,No,53,16
Very Low,No,Yes,34,Yes,No,47.279998779296875,16
Very High,Yes,Yes,57,No,No,55.869998931884766,38
Average,Yes,Yes,27,Yes,No,145.8699951171875,10
Fairly Low,No,No,37,Yes,No,55.779998779296875,10
Fairly High,Yes,No,42,No,No,58.400001525878906,10
Fairly High,Yes,Yes,46,Yes,No,52.150001525878906,98
Fairly High,No,Yes,55,Yes,No,68.62999725341797,67
Fairly Low,Yes,Yes,54,Yes,No,50.900001525878906,94
Fairly High,Yes,No,63,Yes,No,63.81999969482422,94
Very High,Yes,Yes,69,Yes,No,100.44999694824219,94
Average,Yes,Yes,63,Yes,No,78.029998779296875,94
Very High,No,No,47,Yes,No,92.87000274658203,94
Fairly High,Yes,Yes,29,No,No,44.18000030517578,72
Fairly Low,Yes,Yes,25,No,No,49.279998779296875,78
Fairly High,Yes,No,54,Yes,No,52.349998474121094,78
Very High,Yes,Yes,27,No,No,25.579999923706055,91
Fairly Low,No,No,54,No,No,65.83000183105469,22
Average,No,No,43,No,No,34.650001525878906,22
Very Low,No,Yes,20,Yes,No,41.599998474121094,22
Average,No,No,48,Yes,No,43.54999923706055,22
Average,Yes,Yes,63,Yes,No,50.68000030517578,22
Very High,Yes,No,40,No,No,57.599998474121094,22
Average,Yes,Yes,22,Yes,No,53.16999816894531,92
Fairly High,Yes,Yes,40,No,No,41.70000076293945,22
Fairly High,Yes,No,62,Yes,No,90.529998779296875,82
Fairly High,No,Yes,20,Yes,No,103.83000183105469,85
Fairly High,No,No,48,No,No,101.77999877929688,48
Fairly High,Yes,No,34,Yes,No,76.58000183105469,98
Fairly High,No,No,55,No,No,98.93000030517578,76
Fairly High,Yes,No,48,Yes,No,47.369998931884766,89
Average,No,No,58,Yes,No,45.650001525878906,95
Average,No,No,20,No,No,49.06999969482422,95
Average,No,No,50,Yes,No,58.97999954223633,21
Average,No,No,36,Yes,No,66,21
Fairly Low,No,Yes,93,Yes,No,59.68000030517578,21
Very High,No,No,49,Yes,No,46.849998474121094,21
Very High,No,Yes,56,Yes,No,80.5,89
Fairly Low,No,Yes,61,Yes,No,87.69999694824219,89
Fairly High,No,Yes,64,Yes,No,92.69999694824219,89
Very Low,No,No,59,Yes,No,95.66999816894531,43
Fairly High,Yes,Yes,90,Yes,No,131.3800048828125,43
Fairly Low,No,Yes,32,Yes,Yes,63.650001525878906,43
Fairly High,No,Yes,49,Yes,No,69.0199966430664,43
Very High,Yes,Yes,53,Yes,No,98.91999816894531,43
Very Low,No,Yes,65,No,No,53.25,51
Very Low,No,Yes,40,No,No,55,51
Average,No,Yes,35,No,No,46.119998931884766,51
Fairly Low,No,Yes,73,Yes,No,84.80000305175781,51
Fairly High,No,No,60,Yes,No,78.58000183105469,25
Average,No,No,84,Yes,No,67.31999969482422,5
Average,No,Yes,37,Yes,No,42,5
Fairly Low,Yes,Yes,27,Yes,No,49.68000030517578,5
Average,No,No,39,No,No,41.779998779296875,109
Very High,Yes,No,42,Yes,No,94.2300033569336,6
Very High,Yes,No,37,No,No,76.68000030517578,6
Fairly Low,No,Yes,60,No,No,66.87000274658203,61
Fairly Low,No,No,71,Yes,No,42.33000183105469,109
Average,Yes,No,38,No,No,48.31999969482422,109
Average,Yes,Yes,42,Yes,No,39.08000183105469,109
Average,Yes,Yes,33,Yes,No,39.52000045776367,109
Fairly Low,No,No,28,Yes,No,45.900001525878906,109
Fairly Low,No,Yes,29,No,No,39,109
Fairly Low,No,Yes,67,Yes,No,50.5,109
Fairly Low,No,No,32,Yes,No,40.41999816894531,109
Average,Yes,Yes,47,No,Yes,56.52000045776367,109
Average,Yes,Yes,33,Yes,No,46.47999954223633,109
Very Low,No,No,83,No,No,36.43000030517578,109
Average,No,Yes,36,No,No,45.43000030517578,109
Average,Yes,Yes,40,Yes,No,41.04999923706055,109
Fairly Low,Yes,Yes,38,No,No,54.43000030517578,109
Average,No,Yes,41,Yes,Yes,43.81999969482422,109
Fairly High,No,Yes,45,Yes,No,40.349998474121094,109
Average,No,Yes,63,Yes,No,49.099998474121094,109
Fairly Low,No,No,50,Yes,No,42.630001068115234,109
Average,No,Yes,88,No,No,70.2699966430664,109
Very High,No,Yes,79,Yes,No,65.08000183105469,92
Very Low,No,Yes,29,No,No,36.380001068115234,92
Very High,Yes,No,57,Yes,No,76.81999969482422,6
Fairly Low,No,No,69,No,No,65.029998779296875,110
Average,No,No,39,No,Yes,47.83000183105469,109
Average,No,No,27,Yes,Yes,50.83000183105469,109
Fairly Low,No,Yes,60,No,No,54.93000030517578,110
Fairly Low,Yes,Yes,31,Yes,No,68.75,4
Average,No,No,65,Yes,No,68.81999969482422,88
Fairly Low,No,No,38,No,No,72.029998779296875,70
Fairly High,Yes,No,55,Yes,No,64.6500015258789,9
Fairly High,Yes,No,53,Yes,Yes,46.41999816894531,44
Average,No,Yes,43,Yes,No,44.970001220703125,78
Average,No,Yes,73,Yes,No,84.81999969482422,78
Average,No,Yes,53,Yes,No,78.8499984741211,61
Very High,No,No,61,Yes,No,53.75,25
Fairly Low,No,Yes,59,Yes,No,57.279998779296875,18
Average,No,No,57,Yes,No,41.869998931884766,34
Fairly Low,No,Yes,56,Yes,No,38,34
Fairly High,Yes,No,28,No,Yes,76.37999725341797,34
Average,Yes,Yes,53,Yes,No,52.099998474121094,34
Average,No,No,29,Yes,No,55.33000183105469,34
Fairly Low,No,No,45,Yes,No,53.33000183105469,34
Fairly Low,No,No,38,Yes,No,63.5,34
NA,Yes,No,42,No,No,NA,17
Fairly High,Yes,No,37,Yes,No,56.849998474121094,21
Fairly High,Yes,Yes,48,No,No,47.22999954223633,22
Fairly High,Yes,No,47,Yes,No,58.650001525878906,7
Fairly High,Yes,No,35,No,No,77.75,7
Fairly High,Yes,Yes,42,Yes,Yes,48.56999969482422,7
Very High,No,No,44,No,No,72.31999969482422,17
Fairly Low,No,Yes,58,Yes,No,61.849998474121094,17
NA,No,No,53,No,No,NA,17
Fairly High,No,Yes,49,Yes,No,57.31999969482422,111
Average,Yes,No,32,Yes,No,72.80000305175781,67
Very High,No,No,68,Yes,No,92.93000030517578,67
Fairly Low,No,Yes,39,Yes,No,58.58000183105469,67
Average,No,Yes,41,No,No,76.05000305175781,67
Average,No,No,40,No,No,61.220001220703125,67
Fairly Low,No,Yes,22,No,No,103.9000015258789,67
Fairly High,Yes,Yes,76,No,No,79.220001220703125,67
Average,Yes,Yes,44,No,Yes,56.400001525878906,84
Very High,Yes,No,49,Yes,No,57.08000183105469,111
Very High,No,No,68,Yes,No,115.25,111
Fairly High,No,Yes,31,No,Yes,59.04999923706055,111
Very High,No,No,68,Yes,Yes,70.87999725341797,111
Very High,Yes,No,60,Yes,No,84.05000305175781,111
Very High,Yes,No,32,No,No,59.20000076293945,111
Average,Yes,Yes,32,Yes,Yes,55.119998931884766,111
Fairly High,No,No,23,No,No,63.95000076293945,111
Fairly High,No,No,32,No,Yes,56.220001220703125,111
Very Low,No,No,45,No,No,39.22999954223633,111
NA,No,No,NA,No,No,NA,104
Fairly Low,No,No,66,Yes,No,19,110
Fairly High,Yes,Yes,25,No,No,61.02000045776367,111
Fairly High,No,Yes,75,Yes,No,98.30000305175781,14
Fairly High,Yes,Yes,NA,Yes,No,55.369998931884766,110
Fairly High,Yes,Yes,44,No,No,39.93000030517578,110
Fairly High,Yes,Yes,30,Yes,No,63.41999816894531,110
Fairly High,Yes,Yes,49,Yes,Yes,56.599998474121094,110
Fairly Low,No,No,50,Yes,No,65,110
Fairly High,Yes,No,29,Yes,No,73.720001220703125,56
Average,Yes,Yes,27,Yes,No,49.029998779296875,56
Average,No,Yes,55,Yes,No,116.55000305175781,56
Very High,No,No,45,Yes,No,65.06999969482422,56
Fairly High,Yes,No,78,Yes,No,94.31999969482422,92
Fairly Low,No,Yes,55,No,No,44.400001525878906,92
Very High,No,Yes,42,Yes,No,28.8799991607666,91
Very High,Yes,Yes,42,No,No,37.58000183105469,91
Fairly High,No,Yes,47,No,No,37.599998474121094,91
Fairly High,No,No,45,No,No,39.349998474121094,91
Very High,No,No,28,Yes,No,63.79999923706055,49
Fairly Low,No,No,42,Yes,No,42.72999954223633,49
Very High,No,No,39,Yes,No,87.80000305175781,49
Very High,Yes,No,39,Yes,No,55.43000030517578,49
Fairly High,No,Yes,33,Yes,No,75,49
Very High,No,Yes,20,No,No,62.18000030517578,49
Very High,Yes,Yes,72,Yes,No,94.06999969482422,49
Very High,No,No,22,Yes,No,63.70000076293945,49
Very High,No,No,34,Yes,No,70.55000305175781,49
Very High,No,No,34,Yes,No,69.12999725341797,49
Very High,No,No,32,Yes,No,98.80000305175781,49
Very High,No,No,42,Yes,No,78.18000030517578,49
Fairly Low,No,Yes,40,No,No,74.3499984741211,89
Very Low,Yes,No,39,Yes,No,44.52000045776367,4
Average,No,Yes,74,Yes,No,65.279998779296875,112
Very High,Yes,No,36,No,No,53.93000030517578,4
Fairly Low,No,Yes,73,Yes,No,53.54999923706055,4
Average,Yes,No,36,Yes,No,74.12000274658203,4
Fairly Low,No,Yes,39,Yes,No,51.77000045776367,4
Fairly Low,No,No,42,No,No,54.04999923706055,4
Average,Yes,Yes,56,Yes,No,71.31999969482422,4
Very High,Yes,Yes,28,No,No,60.31999969482422,4
Fairly Low,Yes,Yes,41,Yes,No,53.130001068115234,4
Fairly High,No,No,38,No,No,59.45000076293945,4
Fairly Low,Yes,No,33,No,Yes,77.970001220703125,4
Average,No,Yes,78,No,No,87.75,4
Average,Yes,No,57,Yes,No,56.27000045776367,4
Fairly Low,No,No,58,No,No,94.62999725341797,46
Average,No,No,56,Yes,No,79.43000030517578,46
Average,Yes,No,44,Yes,No,106.55000305175781,89
Average,No,Yes,88,No,No,50.97999954223633,38
Fairly Low,No,Yes,28,No,No,61.119998931884766,38
Fairly High,Yes,Yes,28,No,No,47.970001220703125,113
Average,Yes,No,23,No,No,67.529998779296875,113
Fairly High,Yes,Yes,36,No,No,50.18000030517578,114
Fairly High,Yes,Yes,70,Yes,No,103.68000030517578,114
Very High,No,No,45,No,No,78.1500015258789,114
Average,Yes,Yes,47,Yes,No,57.099998474121094,114
Average,No,No,46,No,No,53.5,114
Fairly High,Yes,Yes,37,Yes,No,50.47999954223633,115
Average,No,No,84,Yes,No,66.75,115
Very Low,No,Yes,38,No,No,57.650001525878906,115
Fairly Low,No,Yes,20,No,No,45.369998931884766,115
Average,Yes,No,36,No,No,61.650001525878906,60
Fairly High,Yes,No,48,Yes,No,67.220001220703125,60
Very High,No,Yes,51,Yes,No,44.02000045776367,104
Average,No,Yes,52,No,Yes,44.66999816894531,104
Fairly Low,No,No,31,Yes,No,127.2300033569336,14
Average,No,Yes,58,Yes,No,98.5,14
Average,No,No,23,No,No,81.25,14
Very High,Yes,Yes,36,Yes,No,59.52000045776367,104
Fairly High,No,Yes,73,Yes,No,91.80000305175781,104
Average,No,Yes,62,Yes,No,55.52000045776367,61
